{
    "type": "FeatureCollection",
    "bbox": [
        15.432304,
        47.020727,
        16.348213,
        48.199729
    ],
    "features": [
        {
            "bbox": [
                15.432304,
                47.020727,
                16.348213,
                48.199729
            ],
            "type": "Feature",
            "properties": {
                "segments": [
                    {
                        "distance": 194186.1,
                        "duration": 7819.8,
                        "steps": [
                            {
                                "distance": 9.4,
                                "duration": 3.4,
                                "type": 11,
                                "instruction": "Head west on Richtergasse",
                                "name": "Richtergasse",
                                "way_points": [
                                    0,
                                    1
                                ]
                            },
                            {
                                "distance": 54.6,
                                "duration": 19.7,
                                "type": 1,
                                "instruction": "Turn right onto Andlergasse",
                                "name": "Andlergasse",
                                "way_points": [
                                    1,
                                    2
                                ]
                            },
                            {
                                "distance": 1423.3,
                                "duration": 242,
                                "type": 0,
                                "instruction": "Turn left onto Lindengasse",
                                "name": "Lindengasse",
                                "way_points": [
                                    2,
                                    28
                                ]
                            },
                            {
                                "distance": 289.3,
                                "duration": 35,
                                "type": 0,
                                "instruction": "Turn left onto Schweglerstraße",
                                "name": "Schweglerstraße",
                                "way_points": [
                                    28,
                                    40
                                ]
                            },
                            {
                                "distance": 761.8,
                                "duration": 66.2,
                                "type": 1,
                                "instruction": "Turn right onto Avedikstraße",
                                "name": "Avedikstraße",
                                "way_points": [
                                    40,
                                    49
                                ]
                            },
                            {
                                "distance": 525.7,
                                "duration": 64.9,
                                "type": 4,
                                "instruction": "Turn slight left onto Winckelmannstraße",
                                "name": "Winckelmannstraße",
                                "way_points": [
                                    49,
                                    57
                                ]
                            },
                            {
                                "distance": 2956.1,
                                "duration": 326.3,
                                "type": 4,
                                "instruction": "Turn slight left onto Grünbergstraße, B224",
                                "name": "Grünbergstraße, B224",
                                "way_points": [
                                    57,
                                    97
                                ]
                            },
                            {
                                "distance": 1152.1,
                                "duration": 92.4,
                                "type": 13,
                                "instruction": "Keep right",
                                "name": "-",
                                "way_points": [
                                    97,
                                    121
                                ]
                            },
                            {
                                "distance": 56302.3,
                                "duration": 2158.4,
                                "type": 12,
                                "instruction": "Keep left onto Süd Autobahn, A2",
                                "name": "Süd Autobahn, A2",
                                "way_points": [
                                    121,
                                    487
                                ]
                            },
                            {
                                "distance": 122811.5,
                                "duration": 3979.3,
                                "type": 6,
                                "instruction": "Continue straight onto Süd Autobahn, A2",
                                "name": "Süd Autobahn, A2",
                                "way_points": [
                                    487,
                                    1854
                                ]
                            },
                            {
                                "distance": 250,
                                "duration": 10,
                                "type": 13,
                                "instruction": "Keep right",
                                "name": "-",
                                "way_points": [
                                    1854,
                                    1862
                                ]
                            },
                            {
                                "distance": 4306.7,
                                "duration": 354.9,
                                "type": 13,
                                "instruction": "Keep right",
                                "name": "-",
                                "way_points": [
                                    1862,
                                    1930
                                ]
                            },
                            {
                                "distance": 1009.4,
                                "duration": 98.2,
                                "type": 1,
                                "instruction": "Turn right onto Raiffeisenstraße",
                                "name": "Raiffeisenstraße",
                                "way_points": [
                                    1930,
                                    1947
                                ]
                            },
                            {
                                "distance": 254.8,
                                "duration": 26.8,
                                "type": 0,
                                "instruction": "Turn left onto Fröhlichgasse",
                                "name": "Fröhlichgasse",
                                "way_points": [
                                    1947,
                                    1955
                                ]
                            },
                            {
                                "distance": 557.2,
                                "duration": 61.8,
                                "type": 1,
                                "instruction": "Turn right onto Schönaugasse",
                                "name": "Schönaugasse",
                                "way_points": [
                                    1955,
                                    1966
                                ]
                            },
                            {
                                "distance": 399,
                                "duration": 63.9,
                                "type": 0,
                                "instruction": "Turn left onto Schönaugürtel, B67c",
                                "name": "Schönaugürtel, B67c",
                                "way_points": [
                                    1966,
                                    1976
                                ]
                            },
                            {
                                "distance": 477.3,
                                "duration": 61.8,
                                "type": 13,
                                "instruction": "Keep right onto Grieskai",
                                "name": "Grieskai",
                                "way_points": [
                                    1976,
                                    1988
                                ]
                            },
                            {
                                "distance": 53,
                                "duration": 12.7,
                                "type": 0,
                                "instruction": "Turn left",
                                "name": "-",
                                "way_points": [
                                    1988,
                                    1991
                                ]
                            },
                            {
                                "distance": 185.7,
                                "duration": 44.6,
                                "type": 1,
                                "instruction": "Turn right onto Lagergasse",
                                "name": "Lagergasse",
                                "way_points": [
                                    1991,
                                    1997
                                ]
                            },
                            {
                                "distance": 286.1,
                                "duration": 68.7,
                                "type": 1,
                                "instruction": "Turn right onto Lagergasse",
                                "name": "Lagergasse",
                                "way_points": [
                                    1997,
                                    2002
                                ]
                            },
                            {
                                "distance": 120.9,
                                "duration": 29,
                                "type": 0,
                                "instruction": "Turn left onto Rosenkranzgasse",
                                "name": "Rosenkranzgasse",
                                "way_points": [
                                    2002,
                                    2008
                                ]
                            },
                            {
                                "distance": 0,
                                "duration": 0,
                                "type": 10,
                                "instruction": "Arrive at Rosenkranzgasse, on the right",
                                "name": "-",
                                "way_points": [
                                    2008,
                                    2008
                                ]
                            }
                        ]
                    }
                ],
                "extras": {
                    "roadaccessrestrictions": {
                        "values": [
                            [
                                0,
                                1988,
                                0
                            ],
                            [
                                1988,
                                1991,
                                2
                            ],
                            [
                                1991,
                                2008,
                                0
                            ]
                        ],
                        "summary": [
                            {
                                "value": 0,
                                "distance": 194133.1,
                                "amount": 99.97
                            },
                            {
                                "value": 2,
                                "distance": 53,
                                "amount": 0.03
                            }
                        ]
                    }
                },
                "warnings": [
                    {
                        "code": 1,
                        "message": "There may be restrictions on some roads"
                    }
                ],
                "way_points": [
                    0,
                    2008
                ],
                "summary": {
                    "distance": 194186.1,
                    "duration": 7819.8
                }
            },
            "geometry": {
                "type": "LineString",
                "coordinates": [
                    [
                        16.348213,
                        48.199264
                    ],
                    [
                        16.34809,
                        48.199248
                    ],
                    [
                        16.347942,
                        48.199729
                    ],
                    [
                        16.346995,
                        48.199628
                    ],
                    [
                        16.346877,
                        48.199594
                    ],
                    [
                        16.346804,
                        48.199585
                    ],
                    [
                        16.345072,
                        48.199298
                    ],
                    [
                        16.343228,
                        48.199
                    ],
                    [
                        16.343126,
                        48.198987
                    ],
                    [
                        16.342997,
                        48.198969
                    ],
                    [
                        16.341107,
                        48.198714
                    ],
                    [
                        16.340894,
                        48.198676
                    ],
                    [
                        16.340272,
                        48.198578
                    ],
                    [
                        16.339893,
                        48.19852
                    ],
                    [
                        16.339253,
                        48.198415
                    ],
                    [
                        16.33901,
                        48.198397
                    ],
                    [
                        16.338265,
                        48.198215
                    ],
                    [
                        16.338079,
                        48.198211
                    ],
                    [
                        16.337371,
                        48.198018
                    ],
                    [
                        16.336706,
                        48.197838
                    ],
                    [
                        16.33578,
                        48.197599
                    ],
                    [
                        16.335249,
                        48.197474
                    ],
                    [
                        16.334831,
                        48.197355
                    ],
                    [
                        16.334759,
                        48.197315
                    ],
                    [
                        16.33372,
                        48.197025
                    ],
                    [
                        16.332711,
                        48.196742
                    ],
                    [
                        16.331672,
                        48.196467
                    ],
                    [
                        16.33062,
                        48.19619
                    ],
                    [
                        16.329694,
                        48.195926
                    ],
                    [
                        16.329744,
                        48.195836
                    ],
                    [
                        16.329787,
                        48.195764
                    ],
                    [
                        16.330427,
                        48.194795
                    ],
                    [
                        16.330448,
                        48.194766
                    ],
                    [
                        16.330513,
                        48.194659
                    ],
                    [
                        16.330512,
                        48.19461
                    ],
                    [
                        16.330443,
                        48.19447
                    ],
                    [
                        16.330142,
                        48.194014
                    ],
                    [
                        16.330057,
                        48.19395
                    ],
                    [
                        16.329657,
                        48.193801
                    ],
                    [
                        16.329589,
                        48.193723
                    ],
                    [
                        16.329577,
                        48.193678
                    ],
                    [
                        16.328541,
                        48.193375
                    ],
                    [
                        16.327269,
                        48.19301
                    ],
                    [
                        16.325856,
                        48.1926
                    ],
                    [
                        16.32349,
                        48.191908
                    ],
                    [
                        16.322652,
                        48.191661
                    ],
                    [
                        16.321197,
                        48.191203
                    ],
                    [
                        16.32057,
                        48.190978
                    ],
                    [
                        16.320515,
                        48.190918
                    ],
                    [
                        16.320453,
                        48.190727
                    ],
                    [
                        16.32048,
                        48.190627
                    ],
                    [
                        16.320327,
                        48.190232
                    ],
                    [
                        16.320323,
                        48.190136
                    ],
                    [
                        16.320341,
                        48.189979
                    ],
                    [
                        16.32055,
                        48.188618
                    ],
                    [
                        16.320743,
                        48.187044
                    ],
                    [
                        16.32042,
                        48.186347
                    ],
                    [
                        16.320175,
                        48.186111
                    ],
                    [
                        16.32013,
                        48.186024
                    ],
                    [
                        16.320111,
                        48.185988
                    ],
                    [
                        16.32,
                        48.185701
                    ],
                    [
                        16.319628,
                        48.184907
                    ],
                    [
                        16.319467,
                        48.184586
                    ],
                    [
                        16.319338,
                        48.184374
                    ],
                    [
                        16.319287,
                        48.184229
                    ],
                    [
                        16.319235,
                        48.183874
                    ],
                    [
                        16.319224,
                        48.183785
                    ],
                    [
                        16.319016,
                        48.182522
                    ],
                    [
                        16.318957,
                        48.182311
                    ],
                    [
                        16.318709,
                        48.181974
                    ],
                    [
                        16.31654,
                        48.178967
                    ],
                    [
                        16.314086,
                        48.175455
                    ],
                    [
                        16.313934,
                        48.175005
                    ],
                    [
                        16.313912,
                        48.174887
                    ],
                    [
                        16.313958,
                        48.174407
                    ],
                    [
                        16.314777,
                        48.171581
                    ],
                    [
                        16.314783,
                        48.171549
                    ],
                    [
                        16.31488,
                        48.171217
                    ],
                    [
                        16.314896,
                        48.171168
                    ],
                    [
                        16.315097,
                        48.170463
                    ],
                    [
                        16.315306,
                        48.169731
                    ],
                    [
                        16.315568,
                        48.168847
                    ],
                    [
                        16.316006,
                        48.167335
                    ],
                    [
                        16.31602,
                        48.167288
                    ],
                    [
                        16.316163,
                        48.166788
                    ],
                    [
                        16.316241,
                        48.166522
                    ],
                    [
                        16.316524,
                        48.165627
                    ],
                    [
                        16.316544,
                        48.165566
                    ],
                    [
                        16.316576,
                        48.16548
                    ],
                    [
                        16.316863,
                        48.164477
                    ],
                    [
                        16.317031,
                        48.163879
                    ],
                    [
                        16.317375,
                        48.162717
                    ],
                    [
                        16.31741,
                        48.162582
                    ],
                    [
                        16.317483,
                        48.162315
                    ],
                    [
                        16.31752,
                        48.162184
                    ],
                    [
                        16.317558,
                        48.16205
                    ],
                    [
                        16.317693,
                        48.161532
                    ],
                    [
                        16.317931,
                        48.160628
                    ],
                    [
                        16.317886,
                        48.160488
                    ],
                    [
                        16.317901,
                        48.160359
                    ],
                    [
                        16.317938,
                        48.159456
                    ],
                    [
                        16.317995,
                        48.159067
                    ],
                    [
                        16.318127,
                        48.158759
                    ],
                    [
                        16.318341,
                        48.158467
                    ],
                    [
                        16.318608,
                        48.158221
                    ],
                    [
                        16.318733,
                        48.158128
                    ],
                    [
                        16.318953,
                        48.158001
                    ],
                    [
                        16.319151,
                        48.157906
                    ],
                    [
                        16.319446,
                        48.157793
                    ],
                    [
                        16.319673,
                        48.157728
                    ],
                    [
                        16.320153,
                        48.157638
                    ],
                    [
                        16.320505,
                        48.157606
                    ],
                    [
                        16.32154,
                        48.157568
                    ],
                    [
                        16.322196,
                        48.157527
                    ],
                    [
                        16.322805,
                        48.157463
                    ],
                    [
                        16.322935,
                        48.157429
                    ],
                    [
                        16.323856,
                        48.157311
                    ],
                    [
                        16.324861,
                        48.157149
                    ],
                    [
                        16.32605,
                        48.156923
                    ],
                    [
                        16.327105,
                        48.156687
                    ],
                    [
                        16.328499,
                        48.156328
                    ],
                    [
                        16.329709,
                        48.155958
                    ],
                    [
                        16.330194,
                        48.155819
                    ],
                    [
                        16.331216,
                        48.155457
                    ],
                    [
                        16.331967,
                        48.155164
                    ],
                    [
                        16.332828,
                        48.154783
                    ],
                    [
                        16.333571,
                        48.154408
                    ],
                    [
                        16.333989,
                        48.154168
                    ],
                    [
                        16.334396,
                        48.153917
                    ],
                    [
                        16.335002,
                        48.153477
                    ],
                    [
                        16.33553,
                        48.153019
                    ],
                    [
                        16.335961,
                        48.152559
                    ],
                    [
                        16.336323,
                        48.152073
                    ],
                    [
                        16.336604,
                        48.151573
                    ],
                    [
                        16.336807,
                        48.151054
                    ],
                    [
                        16.336935,
                        48.150521
                    ],
                    [
                        16.33698,
                        48.149983
                    ],
                    [
                        16.336973,
                        48.149719
                    ],
                    [
                        16.336914,
                        48.149271
                    ],
                    [
                        16.336826,
                        48.148898
                    ],
                    [
                        16.336639,
                        48.148385
                    ],
                    [
                        16.335606,
                        48.145992
                    ],
                    [
                        16.334626,
                        48.143724
                    ],
                    [
                        16.334075,
                        48.142535
                    ],
                    [
                        16.333717,
                        48.141701
                    ],
                    [
                        16.333655,
                        48.141427
                    ],
                    [
                        16.332685,
                        48.139193
                    ],
                    [
                        16.328061,
                        48.128487
                    ],
                    [
                        16.32801,
                        48.128369
                    ],
                    [
                        16.32773,
                        48.127722
                    ],
                    [
                        16.327175,
                        48.126435
                    ],
                    [
                        16.326828,
                        48.125636
                    ],
                    [
                        16.326679,
                        48.125288
                    ],
                    [
                        16.326489,
                        48.124844
                    ],
                    [
                        16.326355,
                        48.124539
                    ],
                    [
                        16.326274,
                        48.124353
                    ],
                    [
                        16.32563,
                        48.122841
                    ],
                    [
                        16.325079,
                        48.121552
                    ],
                    [
                        16.324365,
                        48.119884
                    ],
                    [
                        16.323908,
                        48.118828
                    ],
                    [
                        16.32383,
                        48.11865
                    ],
                    [
                        16.322356,
                        48.115227
                    ],
                    [
                        16.321583,
                        48.113391
                    ],
                    [
                        16.321317,
                        48.112698
                    ],
                    [
                        16.321174,
                        48.112313
                    ],
                    [
                        16.320723,
                        48.110906
                    ],
                    [
                        16.320543,
                        48.110197
                    ],
                    [
                        16.320388,
                        48.109463
                    ],
                    [
                        16.32025,
                        48.108653
                    ],
                    [
                        16.32015,
                        48.107744
                    ],
                    [
                        16.320098,
                        48.106837
                    ],
                    [
                        16.320094,
                        48.106
                    ],
                    [
                        16.320124,
                        48.105259
                    ],
                    [
                        16.320201,
                        48.10436
                    ],
                    [
                        16.3203,
                        48.103676
                    ],
                    [
                        16.320459,
                        48.102815
                    ],
                    [
                        16.320639,
                        48.102048
                    ],
                    [
                        16.320916,
                        48.101114
                    ],
                    [
                        16.321289,
                        48.10005
                    ],
                    [
                        16.321604,
                        48.099309
                    ],
                    [
                        16.321764,
                        48.098942
                    ],
                    [
                        16.322122,
                        48.098192
                    ],
                    [
                        16.322986,
                        48.096703
                    ],
                    [
                        16.323743,
                        48.095544
                    ],
                    [
                        16.324307,
                        48.094774
                    ],
                    [
                        16.324548,
                        48.094407
                    ],
                    [
                        16.325657,
                        48.092948
                    ],
                    [
                        16.326129,
                        48.092382
                    ],
                    [
                        16.329457,
                        48.088059
                    ],
                    [
                        16.330238,
                        48.08705
                    ],
                    [
                        16.330648,
                        48.086512
                    ],
                    [
                        16.331989,
                        48.084765
                    ],
                    [
                        16.33313,
                        48.083202
                    ],
                    [
                        16.333305,
                        48.082959
                    ],
                    [
                        16.334194,
                        48.081615
                    ],
                    [
                        16.334937,
                        48.080326
                    ],
                    [
                        16.335566,
                        48.079148
                    ],
                    [
                        16.335925,
                        48.078392
                    ],
                    [
                        16.336285,
                        48.077598
                    ],
                    [
                        16.336611,
                        48.076792
                    ],
                    [
                        16.337047,
                        48.075594
                    ],
                    [
                        16.337313,
                        48.074759
                    ],
                    [
                        16.337537,
                        48.073939
                    ],
                    [
                        16.337717,
                        48.073224
                    ],
                    [
                        16.338098,
                        48.071415
                    ],
                    [
                        16.338327,
                        48.070067
                    ],
                    [
                        16.339434,
                        48.063561
                    ],
                    [
                        16.339613,
                        48.062484
                    ],
                    [
                        16.339712,
                        48.061911
                    ],
                    [
                        16.339891,
                        48.060871
                    ],
                    [
                        16.340003,
                        48.060208
                    ],
                    [
                        16.34007,
                        48.059815
                    ],
                    [
                        16.340144,
                        48.059381
                    ],
                    [
                        16.340166,
                        48.059267
                    ],
                    [
                        16.340445,
                        48.057645
                    ],
                    [
                        16.340543,
                        48.057036
                    ],
                    [
                        16.341353,
                        48.052162
                    ],
                    [
                        16.341635,
                        48.049909
                    ],
                    [
                        16.341784,
                        48.048082
                    ],
                    [
                        16.341823,
                        48.046588
                    ],
                    [
                        16.341814,
                        48.04529
                    ],
                    [
                        16.341732,
                        48.044013
                    ],
                    [
                        16.341554,
                        48.042606
                    ],
                    [
                        16.341489,
                        48.042074
                    ],
                    [
                        16.341412,
                        48.0415
                    ],
                    [
                        16.341187,
                        48.040289
                    ],
                    [
                        16.341078,
                        48.039797
                    ],
                    [
                        16.34077,
                        48.038579
                    ],
                    [
                        16.34063,
                        48.038168
                    ],
                    [
                        16.340425,
                        48.037396
                    ],
                    [
                        16.34009,
                        48.036332
                    ],
                    [
                        16.339673,
                        48.035263
                    ],
                    [
                        16.339099,
                        48.033924
                    ],
                    [
                        16.338477,
                        48.032573
                    ],
                    [
                        16.337884,
                        48.031426
                    ],
                    [
                        16.337182,
                        48.030189
                    ],
                    [
                        16.336237,
                        48.028681
                    ],
                    [
                        16.335244,
                        48.027244
                    ],
                    [
                        16.335096,
                        48.027056
                    ],
                    [
                        16.334371,
                        48.026078
                    ],
                    [
                        16.333692,
                        48.025229
                    ],
                    [
                        16.333437,
                        48.024916
                    ],
                    [
                        16.332889,
                        48.024276
                    ],
                    [
                        16.331721,
                        48.022998
                    ],
                    [
                        16.329874,
                        48.021131
                    ],
                    [
                        16.328443,
                        48.019817
                    ],
                    [
                        16.326969,
                        48.018567
                    ],
                    [
                        16.325312,
                        48.017263
                    ],
                    [
                        16.323713,
                        48.016093
                    ],
                    [
                        16.321976,
                        48.014895
                    ],
                    [
                        16.31887,
                        48.012849
                    ],
                    [
                        16.310162,
                        48.007225
                    ],
                    [
                        16.309024,
                        48.00649
                    ],
                    [
                        16.308389,
                        48.006074
                    ],
                    [
                        16.308106,
                        48.005891
                    ],
                    [
                        16.30735,
                        48.005399
                    ],
                    [
                        16.304873,
                        48.003804
                    ],
                    [
                        16.302863,
                        48.002513
                    ],
                    [
                        16.283259,
                        47.989836
                    ],
                    [
                        16.281707,
                        47.98886
                    ],
                    [
                        16.281226,
                        47.988559
                    ],
                    [
                        16.280424,
                        47.98807
                    ],
                    [
                        16.279548,
                        47.987536
                    ],
                    [
                        16.277892,
                        47.986576
                    ],
                    [
                        16.276419,
                        47.98577
                    ],
                    [
                        16.274714,
                        47.984884
                    ],
                    [
                        16.2742,
                        47.984634
                    ],
                    [
                        16.273122,
                        47.984128
                    ],
                    [
                        16.271993,
                        47.983625
                    ],
                    [
                        16.270393,
                        47.98294
                    ],
                    [
                        16.267357,
                        47.981791
                    ],
                    [
                        16.26421,
                        47.980687
                    ],
                    [
                        16.261459,
                        47.979781
                    ],
                    [
                        16.25465,
                        47.977465
                    ],
                    [
                        16.252236,
                        47.976612
                    ],
                    [
                        16.249885,
                        47.975751
                    ],
                    [
                        16.24933,
                        47.975526
                    ],
                    [
                        16.247712,
                        47.974887
                    ],
                    [
                        16.247168,
                        47.974672
                    ],
                    [
                        16.245644,
                        47.974033
                    ],
                    [
                        16.243407,
                        47.973031
                    ],
                    [
                        16.242043,
                        47.972378
                    ],
                    [
                        16.240323,
                        47.971505
                    ],
                    [
                        16.239315,
                        47.970968
                    ],
                    [
                        16.237571,
                        47.969987
                    ],
                    [
                        16.237027,
                        47.96965
                    ],
                    [
                        16.235114,
                        47.968464
                    ],
                    [
                        16.234078,
                        47.967793
                    ],
                    [
                        16.232965,
                        47.96702
                    ],
                    [
                        16.231869,
                        47.966227
                    ],
                    [
                        16.230884,
                        47.965465
                    ],
                    [
                        16.229879,
                        47.964665
                    ],
                    [
                        16.228927,
                        47.963858
                    ],
                    [
                        16.227663,
                        47.96274
                    ],
                    [
                        16.226534,
                        47.961693
                    ],
                    [
                        16.225544,
                        47.960672
                    ],
                    [
                        16.22526,
                        47.96038
                    ],
                    [
                        16.223686,
                        47.958667
                    ],
                    [
                        16.222465,
                        47.957257
                    ],
                    [
                        16.221505,
                        47.956122
                    ],
                    [
                        16.220011,
                        47.954217
                    ],
                    [
                        16.219896,
                        47.954067
                    ],
                    [
                        16.218937,
                        47.952732
                    ],
                    [
                        16.217632,
                        47.950796
                    ],
                    [
                        16.216753,
                        47.949374
                    ],
                    [
                        16.216616,
                        47.949152
                    ],
                    [
                        16.216218,
                        47.948497
                    ],
                    [
                        16.215737,
                        47.947626
                    ],
                    [
                        16.214775,
                        47.945864
                    ],
                    [
                        16.213903,
                        47.944142
                    ],
                    [
                        16.213102,
                        47.942393
                    ],
                    [
                        16.212061,
                        47.939822
                    ],
                    [
                        16.211687,
                        47.938791
                    ],
                    [
                        16.211519,
                        47.938313
                    ],
                    [
                        16.211142,
                        47.937195
                    ],
                    [
                        16.210408,
                        47.934662
                    ],
                    [
                        16.210062,
                        47.933325
                    ],
                    [
                        16.209996,
                        47.933043
                    ],
                    [
                        16.209966,
                        47.932915
                    ],
                    [
                        16.209796,
                        47.932136
                    ],
                    [
                        16.209719,
                        47.931813
                    ],
                    [
                        16.20949,
                        47.930555
                    ],
                    [
                        16.209393,
                        47.929977
                    ],
                    [
                        16.20915,
                        47.928475
                    ],
                    [
                        16.209137,
                        47.928375
                    ],
                    [
                        16.208912,
                        47.926547
                    ],
                    [
                        16.208739,
                        47.924917
                    ],
                    [
                        16.208607,
                        47.923313
                    ],
                    [
                        16.208525,
                        47.922344
                    ],
                    [
                        16.208411,
                        47.920441
                    ],
                    [
                        16.208396,
                        47.920196
                    ],
                    [
                        16.208066,
                        47.91442
                    ],
                    [
                        16.207973,
                        47.912793
                    ],
                    [
                        16.207901,
                        47.91171
                    ],
                    [
                        16.207674,
                        47.90767
                    ],
                    [
                        16.207624,
                        47.906747
                    ],
                    [
                        16.207287,
                        47.900606
                    ],
                    [
                        16.206859,
                        47.893432
                    ],
                    [
                        16.206844,
                        47.893175
                    ],
                    [
                        16.206697,
                        47.891405
                    ],
                    [
                        16.206455,
                        47.889461
                    ],
                    [
                        16.206162,
                        47.887797
                    ],
                    [
                        16.20585,
                        47.88645
                    ],
                    [
                        16.205755,
                        47.886072
                    ],
                    [
                        16.205411,
                        47.88496
                    ],
                    [
                        16.20498,
                        47.883774
                    ],
                    [
                        16.204418,
                        47.882462
                    ],
                    [
                        16.203885,
                        47.881391
                    ],
                    [
                        16.203004,
                        47.879839
                    ],
                    [
                        16.202227,
                        47.878646
                    ],
                    [
                        16.20161,
                        47.877782
                    ],
                    [
                        16.200587,
                        47.876458
                    ],
                    [
                        16.199478,
                        47.875143
                    ],
                    [
                        16.197436,
                        47.872919
                    ],
                    [
                        16.195845,
                        47.871283
                    ],
                    [
                        16.193387,
                        47.8688
                    ],
                    [
                        16.193107,
                        47.868509
                    ],
                    [
                        16.191825,
                        47.867202
                    ],
                    [
                        16.19038,
                        47.865647
                    ],
                    [
                        16.189048,
                        47.864115
                    ],
                    [
                        16.188944,
                        47.863982
                    ],
                    [
                        16.188197,
                        47.863057
                    ],
                    [
                        16.187632,
                        47.86233
                    ],
                    [
                        16.187213,
                        47.861753
                    ],
                    [
                        16.186212,
                        47.860262
                    ],
                    [
                        16.185965,
                        47.859872
                    ],
                    [
                        16.185844,
                        47.859696
                    ],
                    [
                        16.184893,
                        47.85805
                    ],
                    [
                        16.184697,
                        47.857679
                    ],
                    [
                        16.184651,
                        47.857593
                    ],
                    [
                        16.184615,
                        47.857524
                    ],
                    [
                        16.183801,
                        47.855849
                    ],
                    [
                        16.183223,
                        47.854445
                    ],
                    [
                        16.182944,
                        47.853708
                    ],
                    [
                        16.182542,
                        47.852492
                    ],
                    [
                        16.182172,
                        47.851235
                    ],
                    [
                        16.181858,
                        47.84991
                    ],
                    [
                        16.181625,
                        47.848687
                    ],
                    [
                        16.181436,
                        47.847276
                    ],
                    [
                        16.18137,
                        47.846605
                    ],
                    [
                        16.181259,
                        47.844904
                    ],
                    [
                        16.18124,
                        47.84336
                    ],
                    [
                        16.181256,
                        47.842256
                    ],
                    [
                        16.181321,
                        47.840998
                    ],
                    [
                        16.181424,
                        47.839624
                    ],
                    [
                        16.181521,
                        47.838763
                    ],
                    [
                        16.181716,
                        47.837289
                    ],
                    [
                        16.181783,
                        47.836848
                    ],
                    [
                        16.18181,
                        47.836675
                    ],
                    [
                        16.182046,
                        47.835354
                    ],
                    [
                        16.182112,
                        47.835046
                    ],
                    [
                        16.182137,
                        47.834932
                    ],
                    [
                        16.182399,
                        47.833781
                    ],
                    [
                        16.182714,
                        47.832582
                    ],
                    [
                        16.182943,
                        47.831881
                    ],
                    [
                        16.183533,
                        47.830182
                    ],
                    [
                        16.183966,
                        47.829124
                    ],
                    [
                        16.184369,
                        47.828217
                    ],
                    [
                        16.184866,
                        47.827194
                    ],
                    [
                        16.184918,
                        47.827094
                    ],
                    [
                        16.185589,
                        47.825852
                    ],
                    [
                        16.186276,
                        47.82469
                    ],
                    [
                        16.187668,
                        47.822596
                    ],
                    [
                        16.188475,
                        47.821448
                    ],
                    [
                        16.193547,
                        47.814519
                    ],
                    [
                        16.194226,
                        47.813574
                    ],
                    [
                        16.195395,
                        47.811882
                    ],
                    [
                        16.196283,
                        47.810531
                    ],
                    [
                        16.19726,
                        47.808964
                    ],
                    [
                        16.197904,
                        47.807844
                    ],
                    [
                        16.198174,
                        47.807365
                    ],
                    [
                        16.198241,
                        47.807242
                    ],
                    [
                        16.198639,
                        47.806516
                    ],
                    [
                        16.199149,
                        47.805514
                    ],
                    [
                        16.199314,
                        47.805163
                    ],
                    [
                        16.199696,
                        47.804359
                    ],
                    [
                        16.199792,
                        47.804151
                    ],
                    [
                        16.200274,
                        47.803077
                    ],
                    [
                        16.200689,
                        47.802084
                    ],
                    [
                        16.200742,
                        47.801956
                    ],
                    [
                        16.201145,
                        47.800943
                    ],
                    [
                        16.201462,
                        47.800074
                    ],
                    [
                        16.201974,
                        47.798525
                    ],
                    [
                        16.202356,
                        47.797221
                    ],
                    [
                        16.202714,
                        47.795895
                    ],
                    [
                        16.202943,
                        47.79494
                    ],
                    [
                        16.203179,
                        47.793786
                    ],
                    [
                        16.203234,
                        47.7935
                    ],
                    [
                        16.203338,
                        47.792931
                    ],
                    [
                        16.203489,
                        47.792059
                    ],
                    [
                        16.203616,
                        47.791174
                    ],
                    [
                        16.203771,
                        47.789911
                    ],
                    [
                        16.20385,
                        47.789111
                    ],
                    [
                        16.203935,
                        47.788025
                    ],
                    [
                        16.203979,
                        47.78708
                    ],
                    [
                        16.203986,
                        47.786875
                    ],
                    [
                        16.204006,
                        47.786344
                    ],
                    [
                        16.204032,
                        47.785107
                    ],
                    [
                        16.204038,
                        47.784725
                    ],
                    [
                        16.204039,
                        47.784694
                    ],
                    [
                        16.204174,
                        47.778758
                    ],
                    [
                        16.204185,
                        47.778334
                    ],
                    [
                        16.204189,
                        47.778102
                    ],
                    [
                        16.204206,
                        47.777511
                    ],
                    [
                        16.204239,
                        47.776189
                    ],
                    [
                        16.204282,
                        47.77441
                    ],
                    [
                        16.204295,
                        47.77377
                    ],
                    [
                        16.204312,
                        47.773156
                    ],
                    [
                        16.204303,
                        47.771855
                    ],
                    [
                        16.204252,
                        47.770692
                    ],
                    [
                        16.204217,
                        47.770248
                    ],
                    [
                        16.204068,
                        47.768957
                    ],
                    [
                        16.203828,
                        47.76767
                    ],
                    [
                        16.203687,
                        47.767021
                    ],
                    [
                        16.203415,
                        47.766006
                    ],
                    [
                        16.202955,
                        47.764602
                    ],
                    [
                        16.202665,
                        47.763854
                    ],
                    [
                        16.202335,
                        47.76306
                    ],
                    [
                        16.201913,
                        47.762165
                    ],
                    [
                        16.201569,
                        47.761499
                    ],
                    [
                        16.200727,
                        47.760032
                    ],
                    [
                        16.199752,
                        47.758534
                    ],
                    [
                        16.198576,
                        47.756999
                    ],
                    [
                        16.197836,
                        47.756122
                    ],
                    [
                        16.196574,
                        47.754758
                    ],
                    [
                        16.195475,
                        47.753682
                    ],
                    [
                        16.194044,
                        47.752439
                    ],
                    [
                        16.193227,
                        47.751778
                    ],
                    [
                        16.192306,
                        47.751071
                    ],
                    [
                        16.190897,
                        47.750034
                    ],
                    [
                        16.18943,
                        47.749096
                    ],
                    [
                        16.188356,
                        47.74844
                    ],
                    [
                        16.186605,
                        47.747437
                    ],
                    [
                        16.18485,
                        47.746486
                    ],
                    [
                        16.17902,
                        47.743383
                    ],
                    [
                        16.169991,
                        47.738587
                    ],
                    [
                        16.154937,
                        47.730553
                    ],
                    [
                        16.151098,
                        47.728461
                    ],
                    [
                        16.150824,
                        47.728307
                    ],
                    [
                        16.148537,
                        47.72702
                    ],
                    [
                        16.143716,
                        47.724201
                    ],
                    [
                        16.141227,
                        47.722697
                    ],
                    [
                        16.139545,
                        47.721675
                    ],
                    [
                        16.138716,
                        47.721147
                    ],
                    [
                        16.137139,
                        47.720096
                    ],
                    [
                        16.136494,
                        47.719633
                    ],
                    [
                        16.135999,
                        47.719243
                    ],
                    [
                        16.135388,
                        47.718761
                    ],
                    [
                        16.134608,
                        47.718125
                    ],
                    [
                        16.133758,
                        47.717341
                    ],
                    [
                        16.13307,
                        47.71663
                    ],
                    [
                        16.132429,
                        47.7159
                    ],
                    [
                        16.131817,
                        47.715118
                    ],
                    [
                        16.131298,
                        47.714377
                    ],
                    [
                        16.131107,
                        47.714053
                    ],
                    [
                        16.130523,
                        47.713016
                    ],
                    [
                        16.130198,
                        47.712352
                    ],
                    [
                        16.129959,
                        47.711777
                    ],
                    [
                        16.129595,
                        47.710761
                    ],
                    [
                        16.129339,
                        47.709947
                    ],
                    [
                        16.129203,
                        47.709278
                    ],
                    [
                        16.12906,
                        47.708191
                    ],
                    [
                        16.129025,
                        47.707549
                    ],
                    [
                        16.129015,
                        47.706813
                    ],
                    [
                        16.12905,
                        47.706081
                    ],
                    [
                        16.129111,
                        47.705439
                    ],
                    [
                        16.129363,
                        47.703918
                    ],
                    [
                        16.129532,
                        47.703049
                    ],
                    [
                        16.1298,
                        47.701814
                    ],
                    [
                        16.130028,
                        47.700547
                    ],
                    [
                        16.130214,
                        47.699117
                    ],
                    [
                        16.130272,
                        47.697859
                    ],
                    [
                        16.130228,
                        47.696788
                    ],
                    [
                        16.130038,
                        47.695199
                    ],
                    [
                        16.129867,
                        47.694433
                    ],
                    [
                        16.129664,
                        47.693666
                    ],
                    [
                        16.129456,
                        47.693008
                    ],
                    [
                        16.129214,
                        47.692356
                    ],
                    [
                        16.128668,
                        47.691096
                    ],
                    [
                        16.12791,
                        47.689681
                    ],
                    [
                        16.127449,
                        47.688888
                    ],
                    [
                        16.126586,
                        47.687486
                    ],
                    [
                        16.125386,
                        47.685603
                    ],
                    [
                        16.124823,
                        47.684659
                    ],
                    [
                        16.124268,
                        47.683606
                    ],
                    [
                        16.123936,
                        47.682863
                    ],
                    [
                        16.123646,
                        47.682041
                    ],
                    [
                        16.123522,
                        47.681598
                    ],
                    [
                        16.123423,
                        47.681131
                    ],
                    [
                        16.123327,
                        47.680344
                    ],
                    [
                        16.123309,
                        47.679662
                    ],
                    [
                        16.123351,
                        47.679021
                    ],
                    [
                        16.123441,
                        47.678427
                    ],
                    [
                        16.123533,
                        47.678037
                    ],
                    [
                        16.123735,
                        47.677359
                    ],
                    [
                        16.123907,
                        47.676916
                    ],
                    [
                        16.124155,
                        47.676348
                    ],
                    [
                        16.124642,
                        47.675361
                    ],
                    [
                        16.125607,
                        47.673497
                    ],
                    [
                        16.126003,
                        47.672601
                    ],
                    [
                        16.126371,
                        47.671555
                    ],
                    [
                        16.126489,
                        47.671097
                    ],
                    [
                        16.126578,
                        47.67064
                    ],
                    [
                        16.126674,
                        47.669989
                    ],
                    [
                        16.126716,
                        47.669446
                    ],
                    [
                        16.126724,
                        47.668841
                    ],
                    [
                        16.126723,
                        47.668755
                    ],
                    [
                        16.126688,
                        47.66796
                    ],
                    [
                        16.126606,
                        47.667141
                    ],
                    [
                        16.126438,
                        47.665843
                    ],
                    [
                        16.12624,
                        47.664539
                    ],
                    [
                        16.125873,
                        47.662577
                    ],
                    [
                        16.12504,
                        47.658645
                    ],
                    [
                        16.124642,
                        47.656808
                    ],
                    [
                        16.124143,
                        47.654455
                    ],
                    [
                        16.123701,
                        47.652346
                    ],
                    [
                        16.12352,
                        47.651287
                    ],
                    [
                        16.123377,
                        47.650229
                    ],
                    [
                        16.123282,
                        47.649013
                    ],
                    [
                        16.123284,
                        47.648066
                    ],
                    [
                        16.123314,
                        47.647601
                    ],
                    [
                        16.123343,
                        47.647151
                    ],
                    [
                        16.123499,
                        47.646097
                    ],
                    [
                        16.123756,
                        47.645045
                    ],
                    [
                        16.124035,
                        47.644179
                    ],
                    [
                        16.124354,
                        47.643357
                    ],
                    [
                        16.125433,
                        47.640914
                    ],
                    [
                        16.125993,
                        47.639583
                    ],
                    [
                        16.126066,
                        47.639402
                    ],
                    [
                        16.126569,
                        47.638153
                    ],
                    [
                        16.127121,
                        47.636668
                    ],
                    [
                        16.127214,
                        47.636421
                    ],
                    [
                        16.127542,
                        47.635484
                    ],
                    [
                        16.127951,
                        47.634311
                    ],
                    [
                        16.128173,
                        47.633729
                    ],
                    [
                        16.128899,
                        47.632013
                    ],
                    [
                        16.129288,
                        47.631197
                    ],
                    [
                        16.129951,
                        47.629898
                    ],
                    [
                        16.130117,
                        47.62958
                    ],
                    [
                        16.130335,
                        47.629194
                    ],
                    [
                        16.131148,
                        47.627822
                    ],
                    [
                        16.131341,
                        47.627512
                    ],
                    [
                        16.132052,
                        47.62636
                    ],
                    [
                        16.132631,
                        47.625412
                    ],
                    [
                        16.1329,
                        47.624888
                    ],
                    [
                        16.132998,
                        47.62467
                    ],
                    [
                        16.133136,
                        47.624258
                    ],
                    [
                        16.133212,
                        47.623839
                    ],
                    [
                        16.133252,
                        47.623408
                    ],
                    [
                        16.133232,
                        47.623008
                    ],
                    [
                        16.133142,
                        47.622481
                    ],
                    [
                        16.133063,
                        47.622192
                    ],
                    [
                        16.132913,
                        47.621793
                    ],
                    [
                        16.132654,
                        47.621268
                    ],
                    [
                        16.132042,
                        47.620126
                    ],
                    [
                        16.131414,
                        47.618833
                    ],
                    [
                        16.130907,
                        47.617685
                    ],
                    [
                        16.130401,
                        47.616419
                    ],
                    [
                        16.130128,
                        47.615661
                    ],
                    [
                        16.129831,
                        47.614766
                    ],
                    [
                        16.129632,
                        47.614101
                    ],
                    [
                        16.129319,
                        47.612938
                    ],
                    [
                        16.129075,
                        47.611907
                    ],
                    [
                        16.12891,
                        47.61101
                    ],
                    [
                        16.128841,
                        47.610406
                    ],
                    [
                        16.128853,
                        47.609843
                    ],
                    [
                        16.128905,
                        47.609526
                    ],
                    [
                        16.128991,
                        47.609161
                    ],
                    [
                        16.129145,
                        47.608725
                    ],
                    [
                        16.12954,
                        47.60797
                    ],
                    [
                        16.130063,
                        47.607047
                    ],
                    [
                        16.130203,
                        47.606678
                    ],
                    [
                        16.130286,
                        47.606327
                    ],
                    [
                        16.130319,
                        47.605905
                    ],
                    [
                        16.130292,
                        47.605479
                    ],
                    [
                        16.1302,
                        47.605073
                    ],
                    [
                        16.13006,
                        47.604692
                    ],
                    [
                        16.129853,
                        47.604312
                    ],
                    [
                        16.129599,
                        47.603954
                    ],
                    [
                        16.129299,
                        47.603626
                    ],
                    [
                        16.12896,
                        47.603321
                    ],
                    [
                        16.128565,
                        47.603027
                    ],
                    [
                        16.128029,
                        47.602711
                    ],
                    [
                        16.126734,
                        47.60207
                    ],
                    [
                        16.126237,
                        47.601805
                    ],
                    [
                        16.125848,
                        47.601543
                    ],
                    [
                        16.125496,
                        47.60126
                    ],
                    [
                        16.125138,
                        47.600904
                    ],
                    [
                        16.124845,
                        47.600504
                    ],
                    [
                        16.124717,
                        47.600311
                    ],
                    [
                        16.124526,
                        47.599923
                    ],
                    [
                        16.12441,
                        47.5996
                    ],
                    [
                        16.12426,
                        47.598935
                    ],
                    [
                        16.123941,
                        47.596141
                    ],
                    [
                        16.12385,
                        47.595599
                    ],
                    [
                        16.123749,
                        47.595146
                    ],
                    [
                        16.123571,
                        47.594645
                    ],
                    [
                        16.123392,
                        47.594354
                    ],
                    [
                        16.123128,
                        47.593972
                    ],
                    [
                        16.122805,
                        47.593624
                    ],
                    [
                        16.12244,
                        47.593306
                    ],
                    [
                        16.121988,
                        47.592991
                    ],
                    [
                        16.121723,
                        47.592825
                    ],
                    [
                        16.121072,
                        47.592487
                    ],
                    [
                        16.117736,
                        47.59093
                    ],
                    [
                        16.117138,
                        47.590667
                    ],
                    [
                        16.116513,
                        47.590432
                    ],
                    [
                        16.115943,
                        47.590269
                    ],
                    [
                        16.11542,
                        47.590161
                    ],
                    [
                        16.114978,
                        47.590095
                    ],
                    [
                        16.114652,
                        47.590058
                    ],
                    [
                        16.113595,
                        47.589952
                    ],
                    [
                        16.112897,
                        47.589861
                    ],
                    [
                        16.112518,
                        47.589789
                    ],
                    [
                        16.111973,
                        47.589651
                    ],
                    [
                        16.111391,
                        47.589456
                    ],
                    [
                        16.110979,
                        47.58929
                    ],
                    [
                        16.110611,
                        47.589111
                    ],
                    [
                        16.110254,
                        47.588908
                    ],
                    [
                        16.109892,
                        47.588667
                    ],
                    [
                        16.109565,
                        47.58841
                    ],
                    [
                        16.109214,
                        47.588073
                    ],
                    [
                        16.108896,
                        47.587699
                    ],
                    [
                        16.108655,
                        47.58731
                    ],
                    [
                        16.108441,
                        47.586838
                    ],
                    [
                        16.108316,
                        47.586358
                    ],
                    [
                        16.108278,
                        47.586038
                    ],
                    [
                        16.108279,
                        47.585716
                    ],
                    [
                        16.108312,
                        47.585389
                    ],
                    [
                        16.108393,
                        47.585055
                    ],
                    [
                        16.108509,
                        47.584744
                    ],
                    [
                        16.108887,
                        47.584
                    ],
                    [
                        16.109001,
                        47.583791
                    ],
                    [
                        16.109292,
                        47.583211
                    ],
                    [
                        16.10943,
                        47.582774
                    ],
                    [
                        16.109682,
                        47.581502
                    ],
                    [
                        16.109781,
                        47.58113
                    ],
                    [
                        16.109907,
                        47.580806
                    ],
                    [
                        16.110049,
                        47.580515
                    ],
                    [
                        16.110358,
                        47.580031
                    ],
                    [
                        16.11075,
                        47.57954
                    ],
                    [
                        16.11211,
                        47.578225
                    ],
                    [
                        16.112367,
                        47.577888
                    ],
                    [
                        16.112534,
                        47.577613
                    ],
                    [
                        16.112694,
                        47.577275
                    ],
                    [
                        16.112814,
                        47.576943
                    ],
                    [
                        16.112882,
                        47.57662
                    ],
                    [
                        16.112907,
                        47.576298
                    ],
                    [
                        16.112886,
                        47.575913
                    ],
                    [
                        16.112798,
                        47.575449
                    ],
                    [
                        16.112672,
                        47.575022
                    ],
                    [
                        16.112613,
                        47.574828
                    ],
                    [
                        16.112488,
                        47.574363
                    ],
                    [
                        16.112412,
                        47.573954
                    ],
                    [
                        16.112407,
                        47.5736
                    ],
                    [
                        16.112437,
                        47.573244
                    ],
                    [
                        16.112525,
                        47.572868
                    ],
                    [
                        16.112635,
                        47.57256
                    ],
                    [
                        16.112759,
                        47.572282
                    ],
                    [
                        16.112953,
                        47.571962
                    ],
                    [
                        16.11336,
                        47.571407
                    ],
                    [
                        16.114079,
                        47.570655
                    ],
                    [
                        16.114308,
                        47.570414
                    ],
                    [
                        16.114492,
                        47.570156
                    ],
                    [
                        16.114694,
                        47.569813
                    ],
                    [
                        16.11483,
                        47.569471
                    ],
                    [
                        16.114934,
                        47.569079
                    ],
                    [
                        16.11498,
                        47.568622
                    ],
                    [
                        16.114947,
                        47.568041
                    ],
                    [
                        16.114853,
                        47.567305
                    ],
                    [
                        16.114841,
                        47.567103
                    ],
                    [
                        16.114857,
                        47.566586
                    ],
                    [
                        16.114962,
                        47.566169
                    ],
                    [
                        16.115138,
                        47.565712
                    ],
                    [
                        16.115342,
                        47.565337
                    ],
                    [
                        16.115621,
                        47.564959
                    ],
                    [
                        16.11598,
                        47.564584
                    ],
                    [
                        16.116377,
                        47.564241
                    ],
                    [
                        16.116859,
                        47.563925
                    ],
                    [
                        16.117348,
                        47.563653
                    ],
                    [
                        16.117824,
                        47.563438
                    ],
                    [
                        16.119373,
                        47.562816
                    ],
                    [
                        16.119903,
                        47.56255
                    ],
                    [
                        16.120327,
                        47.562281
                    ],
                    [
                        16.120768,
                        47.561935
                    ],
                    [
                        16.121107,
                        47.561602
                    ],
                    [
                        16.122061,
                        47.560514
                    ],
                    [
                        16.122775,
                        47.55982
                    ],
                    [
                        16.123375,
                        47.559345
                    ],
                    [
                        16.124095,
                        47.558851
                    ],
                    [
                        16.124796,
                        47.558444
                    ],
                    [
                        16.125506,
                        47.558095
                    ],
                    [
                        16.127482,
                        47.557255
                    ],
                    [
                        16.128037,
                        47.556946
                    ],
                    [
                        16.128463,
                        47.556661
                    ],
                    [
                        16.128788,
                        47.556398
                    ],
                    [
                        16.12917,
                        47.556008
                    ],
                    [
                        16.129474,
                        47.55559
                    ],
                    [
                        16.129645,
                        47.55532
                    ],
                    [
                        16.129852,
                        47.55482
                    ],
                    [
                        16.129942,
                        47.554431
                    ],
                    [
                        16.129973,
                        47.554074
                    ],
                    [
                        16.129947,
                        47.553574
                    ],
                    [
                        16.129779,
                        47.552507
                    ],
                    [
                        16.129764,
                        47.552142
                    ],
                    [
                        16.129798,
                        47.551769
                    ],
                    [
                        16.129937,
                        47.551237
                    ],
                    [
                        16.130153,
                        47.550765
                    ],
                    [
                        16.130439,
                        47.550328
                    ],
                    [
                        16.130839,
                        47.54986
                    ],
                    [
                        16.131937,
                        47.548855
                    ],
                    [
                        16.132185,
                        47.548586
                    ],
                    [
                        16.13251,
                        47.548134
                    ],
                    [
                        16.132657,
                        47.547871
                    ],
                    [
                        16.132776,
                        47.547606
                    ],
                    [
                        16.132885,
                        47.54724
                    ],
                    [
                        16.132952,
                        47.546817
                    ],
                    [
                        16.132963,
                        47.546428
                    ],
                    [
                        16.132918,
                        47.546099
                    ],
                    [
                        16.132808,
                        47.545707
                    ],
                    [
                        16.132703,
                        47.545421
                    ],
                    [
                        16.132459,
                        47.544984
                    ],
                    [
                        16.132082,
                        47.544496
                    ],
                    [
                        16.13175,
                        47.544183
                    ],
                    [
                        16.13122,
                        47.543761
                    ],
                    [
                        16.130577,
                        47.543396
                    ],
                    [
                        16.129943,
                        47.543123
                    ],
                    [
                        16.129503,
                        47.542973
                    ],
                    [
                        16.129075,
                        47.542853
                    ],
                    [
                        16.128594,
                        47.542751
                    ],
                    [
                        16.128162,
                        47.542685
                    ],
                    [
                        16.127647,
                        47.542636
                    ],
                    [
                        16.127152,
                        47.542617
                    ],
                    [
                        16.126697,
                        47.542625
                    ],
                    [
                        16.126136,
                        47.542668
                    ],
                    [
                        16.125584,
                        47.542741
                    ],
                    [
                        16.125013,
                        47.542845
                    ],
                    [
                        16.123669,
                        47.543146
                    ],
                    [
                        16.123214,
                        47.543219
                    ],
                    [
                        16.122697,
                        47.543287
                    ],
                    [
                        16.122111,
                        47.543328
                    ],
                    [
                        16.121643,
                        47.543338
                    ],
                    [
                        16.121173,
                        47.543329
                    ],
                    [
                        16.120558,
                        47.543279
                    ],
                    [
                        16.119817,
                        47.543169
                    ],
                    [
                        16.119249,
                        47.543046
                    ],
                    [
                        16.118758,
                        47.542908
                    ],
                    [
                        16.118092,
                        47.542673
                    ],
                    [
                        16.117737,
                        47.542522
                    ],
                    [
                        16.117417,
                        47.54237
                    ],
                    [
                        16.116188,
                        47.541704
                    ],
                    [
                        16.11572,
                        47.54147
                    ],
                    [
                        16.114824,
                        47.541144
                    ],
                    [
                        16.113881,
                        47.540879
                    ],
                    [
                        16.113199,
                        47.540668
                    ],
                    [
                        16.112539,
                        47.540417
                    ],
                    [
                        16.112285,
                        47.540293
                    ],
                    [
                        16.111791,
                        47.540019
                    ],
                    [
                        16.111321,
                        47.539691
                    ],
                    [
                        16.110965,
                        47.539394
                    ],
                    [
                        16.110674,
                        47.539081
                    ],
                    [
                        16.110438,
                        47.538796
                    ],
                    [
                        16.110248,
                        47.538499
                    ],
                    [
                        16.110062,
                        47.538137
                    ],
                    [
                        16.109918,
                        47.537701
                    ],
                    [
                        16.10985,
                        47.537363
                    ],
                    [
                        16.109827,
                        47.536876
                    ],
                    [
                        16.109865,
                        47.536522
                    ],
                    [
                        16.109952,
                        47.53615
                    ],
                    [
                        16.110123,
                        47.535717
                    ],
                    [
                        16.110608,
                        47.534641
                    ],
                    [
                        16.110698,
                        47.534355
                    ],
                    [
                        16.110768,
                        47.533995
                    ],
                    [
                        16.110798,
                        47.533576
                    ],
                    [
                        16.110794,
                        47.533252
                    ],
                    [
                        16.110785,
                        47.532785
                    ],
                    [
                        16.110816,
                        47.532284
                    ],
                    [
                        16.110891,
                        47.531935
                    ],
                    [
                        16.110979,
                        47.531655
                    ],
                    [
                        16.111138,
                        47.531304
                    ],
                    [
                        16.111283,
                        47.531061
                    ],
                    [
                        16.111433,
                        47.530813
                    ],
                    [
                        16.111931,
                        47.530055
                    ],
                    [
                        16.112116,
                        47.529707
                    ],
                    [
                        16.112287,
                        47.52925
                    ],
                    [
                        16.112341,
                        47.529047
                    ],
                    [
                        16.112397,
                        47.528515
                    ],
                    [
                        16.112353,
                        47.528029
                    ],
                    [
                        16.112236,
                        47.52758
                    ],
                    [
                        16.112062,
                        47.527196
                    ],
                    [
                        16.111888,
                        47.526881
                    ],
                    [
                        16.111666,
                        47.526574
                    ],
                    [
                        16.111375,
                        47.526253
                    ],
                    [
                        16.111056,
                        47.525962
                    ],
                    [
                        16.110559,
                        47.525551
                    ],
                    [
                        16.110177,
                        47.52526
                    ],
                    [
                        16.1099,
                        47.525047
                    ],
                    [
                        16.109295,
                        47.524587
                    ],
                    [
                        16.108362,
                        47.523911
                    ],
                    [
                        16.106962,
                        47.523028
                    ],
                    [
                        16.106208,
                        47.522602
                    ],
                    [
                        16.105395,
                        47.522171
                    ],
                    [
                        16.10451,
                        47.521707
                    ],
                    [
                        16.102104,
                        47.520451
                    ],
                    [
                        16.101249,
                        47.519972
                    ],
                    [
                        16.101028,
                        47.519826
                    ],
                    [
                        16.100568,
                        47.519477
                    ],
                    [
                        16.100196,
                        47.51911
                    ],
                    [
                        16.099782,
                        47.518596
                    ],
                    [
                        16.099542,
                        47.518142
                    ],
                    [
                        16.099398,
                        47.517726
                    ],
                    [
                        16.099295,
                        47.517228
                    ],
                    [
                        16.099293,
                        47.516786
                    ],
                    [
                        16.099345,
                        47.516341
                    ],
                    [
                        16.099459,
                        47.515962
                    ],
                    [
                        16.099625,
                        47.515588
                    ],
                    [
                        16.100021,
                        47.514968
                    ],
                    [
                        16.10273,
                        47.511511
                    ],
                    [
                        16.103393,
                        47.510697
                    ],
                    [
                        16.103775,
                        47.510284
                    ],
                    [
                        16.104204,
                        47.509886
                    ],
                    [
                        16.104586,
                        47.509574
                    ],
                    [
                        16.105008,
                        47.50928
                    ],
                    [
                        16.105597,
                        47.50892
                    ],
                    [
                        16.106222,
                        47.508598
                    ],
                    [
                        16.106834,
                        47.508338
                    ],
                    [
                        16.107399,
                        47.50813
                    ],
                    [
                        16.109053,
                        47.507604
                    ],
                    [
                        16.109772,
                        47.507321
                    ],
                    [
                        16.11017,
                        47.507128
                    ],
                    [
                        16.110529,
                        47.506929
                    ],
                    [
                        16.111178,
                        47.506485
                    ],
                    [
                        16.111702,
                        47.506028
                    ],
                    [
                        16.112071,
                        47.505606
                    ],
                    [
                        16.112209,
                        47.505411
                    ],
                    [
                        16.112492,
                        47.504942
                    ],
                    [
                        16.112678,
                        47.504507
                    ],
                    [
                        16.112785,
                        47.504159
                    ],
                    [
                        16.112853,
                        47.503776
                    ],
                    [
                        16.112858,
                        47.503167
                    ],
                    [
                        16.112755,
                        47.502549
                    ],
                    [
                        16.112572,
                        47.502054
                    ],
                    [
                        16.112281,
                        47.501516
                    ],
                    [
                        16.111887,
                        47.501016
                    ],
                    [
                        16.111694,
                        47.500799
                    ],
                    [
                        16.111483,
                        47.500605
                    ],
                    [
                        16.111115,
                        47.5003
                    ],
                    [
                        16.110722,
                        47.500024
                    ],
                    [
                        16.110259,
                        47.499751
                    ],
                    [
                        16.109748,
                        47.499502
                    ],
                    [
                        16.109379,
                        47.499348
                    ],
                    [
                        16.108976,
                        47.499204
                    ],
                    [
                        16.108312,
                        47.499017
                    ],
                    [
                        16.107711,
                        47.49889
                    ],
                    [
                        16.107112,
                        47.498801
                    ],
                    [
                        16.105412,
                        47.498648
                    ],
                    [
                        16.104932,
                        47.498588
                    ],
                    [
                        16.104266,
                        47.498461
                    ],
                    [
                        16.10382,
                        47.498344
                    ],
                    [
                        16.103354,
                        47.498193
                    ],
                    [
                        16.102805,
                        47.497964
                    ],
                    [
                        16.102212,
                        47.497647
                    ],
                    [
                        16.10193,
                        47.497468
                    ],
                    [
                        16.101458,
                        47.497127
                    ],
                    [
                        16.101266,
                        47.496983
                    ],
                    [
                        16.09864,
                        47.494933
                    ],
                    [
                        16.098445,
                        47.494776
                    ],
                    [
                        16.097932,
                        47.494277
                    ],
                    [
                        16.097529,
                        47.49379
                    ],
                    [
                        16.097346,
                        47.493483
                    ],
                    [
                        16.097161,
                        47.493068
                    ],
                    [
                        16.09705,
                        47.492649
                    ],
                    [
                        16.096997,
                        47.492205
                    ],
                    [
                        16.097022,
                        47.491733
                    ],
                    [
                        16.097069,
                        47.491465
                    ],
                    [
                        16.097176,
                        47.491094
                    ],
                    [
                        16.09732,
                        47.490771
                    ],
                    [
                        16.097589,
                        47.490313
                    ],
                    [
                        16.098334,
                        47.4893
                    ],
                    [
                        16.098639,
                        47.488747
                    ],
                    [
                        16.098769,
                        47.488414
                    ],
                    [
                        16.098861,
                        47.488081
                    ],
                    [
                        16.09892,
                        47.487584
                    ],
                    [
                        16.098911,
                        47.487144
                    ],
                    [
                        16.098848,
                        47.486734
                    ],
                    [
                        16.098722,
                        47.486338
                    ],
                    [
                        16.098555,
                        47.485957
                    ],
                    [
                        16.098017,
                        47.485176
                    ],
                    [
                        16.097658,
                        47.484809
                    ],
                    [
                        16.097309,
                        47.484516
                    ],
                    [
                        16.097,
                        47.484287
                    ],
                    [
                        16.096642,
                        47.484057
                    ],
                    [
                        16.095134,
                        47.483262
                    ],
                    [
                        16.094808,
                        47.483074
                    ],
                    [
                        16.094481,
                        47.482847
                    ],
                    [
                        16.094153,
                        47.482577
                    ],
                    [
                        16.093847,
                        47.482291
                    ],
                    [
                        16.093663,
                        47.482075
                    ],
                    [
                        16.093352,
                        47.481657
                    ],
                    [
                        16.093169,
                        47.481295
                    ],
                    [
                        16.092996,
                        47.480805
                    ],
                    [
                        16.092907,
                        47.480315
                    ],
                    [
                        16.092907,
                        47.479949
                    ],
                    [
                        16.09297,
                        47.479468
                    ],
                    [
                        16.093155,
                        47.478904
                    ],
                    [
                        16.093327,
                        47.478577
                    ],
                    [
                        16.093487,
                        47.478326
                    ],
                    [
                        16.093721,
                        47.478031
                    ],
                    [
                        16.094099,
                        47.477634
                    ],
                    [
                        16.094246,
                        47.477508
                    ],
                    [
                        16.095073,
                        47.476781
                    ],
                    [
                        16.095585,
                        47.476243
                    ],
                    [
                        16.095855,
                        47.475898
                    ],
                    [
                        16.096084,
                        47.475537
                    ],
                    [
                        16.096332,
                        47.475038
                    ],
                    [
                        16.096531,
                        47.474442
                    ],
                    [
                        16.096687,
                        47.473693
                    ],
                    [
                        16.097316,
                        47.470083
                    ],
                    [
                        16.097346,
                        47.469876
                    ],
                    [
                        16.097375,
                        47.469488
                    ],
                    [
                        16.097357,
                        47.46897
                    ],
                    [
                        16.097306,
                        47.46864
                    ],
                    [
                        16.097216,
                        47.468294
                    ],
                    [
                        16.096737,
                        47.467047
                    ],
                    [
                        16.096566,
                        47.466425
                    ],
                    [
                        16.096497,
                        47.465731
                    ],
                    [
                        16.096579,
                        47.464064
                    ],
                    [
                        16.09671,
                        47.462402
                    ],
                    [
                        16.096797,
                        47.461673
                    ],
                    [
                        16.096963,
                        47.460729
                    ],
                    [
                        16.097146,
                        47.459927
                    ],
                    [
                        16.097392,
                        47.459007
                    ],
                    [
                        16.097933,
                        47.457329
                    ],
                    [
                        16.098019,
                        47.456951
                    ],
                    [
                        16.09806,
                        47.456539
                    ],
                    [
                        16.098002,
                        47.455944
                    ],
                    [
                        16.097959,
                        47.455752
                    ],
                    [
                        16.097872,
                        47.455504
                    ],
                    [
                        16.097609,
                        47.454935
                    ],
                    [
                        16.097291,
                        47.454407
                    ],
                    [
                        16.097198,
                        47.454228
                    ],
                    [
                        16.096992,
                        47.453768
                    ],
                    [
                        16.096901,
                        47.453472
                    ],
                    [
                        16.096841,
                        47.453176
                    ],
                    [
                        16.096821,
                        47.452826
                    ],
                    [
                        16.096861,
                        47.452289
                    ],
                    [
                        16.09696,
                        47.451879
                    ],
                    [
                        16.09709,
                        47.451566
                    ],
                    [
                        16.097706,
                        47.45033
                    ],
                    [
                        16.097895,
                        47.449861
                    ],
                    [
                        16.098049,
                        47.449385
                    ],
                    [
                        16.098581,
                        47.447263
                    ],
                    [
                        16.098734,
                        47.446587
                    ],
                    [
                        16.098784,
                        47.446176
                    ],
                    [
                        16.098769,
                        47.445695
                    ],
                    [
                        16.098691,
                        47.445277
                    ],
                    [
                        16.098529,
                        47.444834
                    ],
                    [
                        16.098406,
                        47.444592
                    ],
                    [
                        16.098228,
                        47.4443
                    ],
                    [
                        16.097486,
                        47.443237
                    ],
                    [
                        16.097351,
                        47.442992
                    ],
                    [
                        16.097139,
                        47.442451
                    ],
                    [
                        16.097086,
                        47.442234
                    ],
                    [
                        16.097034,
                        47.44182
                    ],
                    [
                        16.09705,
                        47.441336
                    ],
                    [
                        16.097109,
                        47.441027
                    ],
                    [
                        16.097214,
                        47.440664
                    ],
                    [
                        16.097286,
                        47.440489
                    ],
                    [
                        16.097484,
                        47.440106
                    ],
                    [
                        16.097663,
                        47.43982
                    ],
                    [
                        16.098734,
                        47.438265
                    ],
                    [
                        16.100127,
                        47.43624
                    ],
                    [
                        16.10025,
                        47.43605
                    ],
                    [
                        16.1004,
                        47.435803
                    ],
                    [
                        16.100618,
                        47.43534
                    ],
                    [
                        16.100746,
                        47.434912
                    ],
                    [
                        16.100797,
                        47.434571
                    ],
                    [
                        16.10077,
                        47.433889
                    ],
                    [
                        16.100649,
                        47.433415
                    ],
                    [
                        16.100468,
                        47.432995
                    ],
                    [
                        16.100249,
                        47.432629
                    ],
                    [
                        16.099968,
                        47.432278
                    ],
                    [
                        16.099535,
                        47.431853
                    ],
                    [
                        16.098018,
                        47.430654
                    ],
                    [
                        16.097725,
                        47.430374
                    ],
                    [
                        16.097473,
                        47.430086
                    ],
                    [
                        16.097021,
                        47.429469
                    ],
                    [
                        16.096654,
                        47.428751
                    ],
                    [
                        16.096458,
                        47.428065
                    ],
                    [
                        16.096396,
                        47.42759
                    ],
                    [
                        16.096427,
                        47.426327
                    ],
                    [
                        16.096414,
                        47.425923
                    ],
                    [
                        16.096345,
                        47.425519
                    ],
                    [
                        16.09621,
                        47.4251
                    ],
                    [
                        16.09602,
                        47.424696
                    ],
                    [
                        16.095813,
                        47.424398
                    ],
                    [
                        16.095582,
                        47.424109
                    ],
                    [
                        16.095231,
                        47.423758
                    ],
                    [
                        16.094834,
                        47.423431
                    ],
                    [
                        16.094307,
                        47.423072
                    ],
                    [
                        16.093756,
                        47.422731
                    ],
                    [
                        16.09303,
                        47.42233
                    ],
                    [
                        16.092275,
                        47.421961
                    ],
                    [
                        16.091493,
                        47.421623
                    ],
                    [
                        16.090691,
                        47.421315
                    ],
                    [
                        16.088711,
                        47.420663
                    ],
                    [
                        16.088304,
                        47.420506
                    ],
                    [
                        16.087922,
                        47.42033
                    ],
                    [
                        16.087535,
                        47.420126
                    ],
                    [
                        16.087193,
                        47.419912
                    ],
                    [
                        16.086981,
                        47.419766
                    ],
                    [
                        16.086708,
                        47.419534
                    ],
                    [
                        16.086392,
                        47.419239
                    ],
                    [
                        16.085355,
                        47.418043
                    ],
                    [
                        16.085069,
                        47.417765
                    ],
                    [
                        16.08479,
                        47.417546
                    ],
                    [
                        16.0845,
                        47.417348
                    ],
                    [
                        16.084076,
                        47.417093
                    ],
                    [
                        16.083641,
                        47.416879
                    ],
                    [
                        16.082285,
                        47.416335
                    ],
                    [
                        16.081842,
                        47.416134
                    ],
                    [
                        16.081623,
                        47.416029
                    ],
                    [
                        16.081116,
                        47.415734
                    ],
                    [
                        16.080541,
                        47.415312
                    ],
                    [
                        16.080217,
                        47.415
                    ],
                    [
                        16.079981,
                        47.414732
                    ],
                    [
                        16.079773,
                        47.414452
                    ],
                    [
                        16.079596,
                        47.414131
                    ],
                    [
                        16.079447,
                        47.41381
                    ],
                    [
                        16.079337,
                        47.413453
                    ],
                    [
                        16.079259,
                        47.413085
                    ],
                    [
                        16.07911,
                        47.410887
                    ],
                    [
                        16.079098,
                        47.410221
                    ],
                    [
                        16.079153,
                        47.409533
                    ],
                    [
                        16.079187,
                        47.409325
                    ],
                    [
                        16.079322,
                        47.408806
                    ],
                    [
                        16.079446,
                        47.40844
                    ],
                    [
                        16.079804,
                        47.407674
                    ],
                    [
                        16.080419,
                        47.406489
                    ],
                    [
                        16.080719,
                        47.40581
                    ],
                    [
                        16.080959,
                        47.405115
                    ],
                    [
                        16.081208,
                        47.404103
                    ],
                    [
                        16.081347,
                        47.403041
                    ],
                    [
                        16.081373,
                        47.40217
                    ],
                    [
                        16.08134,
                        47.401262
                    ],
                    [
                        16.081079,
                        47.398793
                    ],
                    [
                        16.08101,
                        47.397966
                    ],
                    [
                        16.081011,
                        47.397111
                    ],
                    [
                        16.081054,
                        47.396555
                    ],
                    [
                        16.081104,
                        47.396131
                    ],
                    [
                        16.081166,
                        47.395789
                    ],
                    [
                        16.081302,
                        47.395188
                    ],
                    [
                        16.081469,
                        47.394608
                    ],
                    [
                        16.081745,
                        47.393874
                    ],
                    [
                        16.082126,
                        47.393054
                    ],
                    [
                        16.082673,
                        47.392097
                    ],
                    [
                        16.083001,
                        47.391617
                    ],
                    [
                        16.083862,
                        47.390535
                    ],
                    [
                        16.086031,
                        47.388035
                    ],
                    [
                        16.086511,
                        47.387419
                    ],
                    [
                        16.086669,
                        47.387212
                    ],
                    [
                        16.087333,
                        47.386268
                    ],
                    [
                        16.087772,
                        47.385566
                    ],
                    [
                        16.088173,
                        47.384861
                    ],
                    [
                        16.088555,
                        47.3841
                    ],
                    [
                        16.088909,
                        47.383339
                    ],
                    [
                        16.08935,
                        47.382186
                    ],
                    [
                        16.0897,
                        47.381024
                    ],
                    [
                        16.089941,
                        47.37997
                    ],
                    [
                        16.090084,
                        47.379069
                    ],
                    [
                        16.090175,
                        47.378146
                    ],
                    [
                        16.090207,
                        47.377222
                    ],
                    [
                        16.090203,
                        47.376762
                    ],
                    [
                        16.090153,
                        47.37583
                    ],
                    [
                        16.090042,
                        47.374871
                    ],
                    [
                        16.089909,
                        47.374087
                    ],
                    [
                        16.089725,
                        47.373275
                    ],
                    [
                        16.089622,
                        47.372888
                    ],
                    [
                        16.089254,
                        47.371757
                    ],
                    [
                        16.089016,
                        47.371132
                    ],
                    [
                        16.088807,
                        47.370633
                    ],
                    [
                        16.088408,
                        47.369805
                    ],
                    [
                        16.088083,
                        47.369195
                    ],
                    [
                        16.087469,
                        47.368148
                    ],
                    [
                        16.082285,
                        47.360188
                    ],
                    [
                        16.081807,
                        47.359484
                    ],
                    [
                        16.081302,
                        47.358795
                    ],
                    [
                        16.080798,
                        47.358161
                    ],
                    [
                        16.079888,
                        47.357162
                    ],
                    [
                        16.078719,
                        47.356058
                    ],
                    [
                        16.07533,
                        47.353158
                    ],
                    [
                        16.073665,
                        47.351665
                    ],
                    [
                        16.072427,
                        47.350468
                    ],
                    [
                        16.070855,
                        47.348819
                    ],
                    [
                        16.07036,
                        47.348266
                    ],
                    [
                        16.069357,
                        47.347085
                    ],
                    [
                        16.068529,
                        47.346043
                    ],
                    [
                        16.067485,
                        47.344632
                    ],
                    [
                        16.066979,
                        47.343895
                    ],
                    [
                        16.066029,
                        47.342409
                    ],
                    [
                        16.065424,
                        47.341386
                    ],
                    [
                        16.064786,
                        47.340207
                    ],
                    [
                        16.064059,
                        47.338736
                    ],
                    [
                        16.063439,
                        47.337332
                    ],
                    [
                        16.0629,
                        47.335922
                    ],
                    [
                        16.062775,
                        47.335588
                    ],
                    [
                        16.062452,
                        47.334616
                    ],
                    [
                        16.062032,
                        47.333146
                    ],
                    [
                        16.061842,
                        47.332395
                    ],
                    [
                        16.061573,
                        47.33116
                    ],
                    [
                        16.061512,
                        47.330837
                    ],
                    [
                        16.061465,
                        47.330585
                    ],
                    [
                        16.061208,
                        47.328896
                    ],
                    [
                        16.061051,
                        47.327234
                    ],
                    [
                        16.061003,
                        47.326396
                    ],
                    [
                        16.060983,
                        47.324821
                    ],
                    [
                        16.061044,
                        47.323239
                    ],
                    [
                        16.061147,
                        47.322003
                    ],
                    [
                        16.061297,
                        47.320769
                    ],
                    [
                        16.061338,
                        47.320484
                    ],
                    [
                        16.06162,
                        47.318908
                    ],
                    [
                        16.062094,
                        47.316935
                    ],
                    [
                        16.06258,
                        47.315344
                    ],
                    [
                        16.0631,
                        47.313876
                    ],
                    [
                        16.063501,
                        47.312854
                    ],
                    [
                        16.064059,
                        47.311594
                    ],
                    [
                        16.064719,
                        47.310179
                    ],
                    [
                        16.066274,
                        47.307166
                    ],
                    [
                        16.066506,
                        47.306727
                    ],
                    [
                        16.067073,
                        47.305644
                    ],
                    [
                        16.067736,
                        47.304338
                    ],
                    [
                        16.068351,
                        47.303049
                    ],
                    [
                        16.068874,
                        47.301841
                    ],
                    [
                        16.069155,
                        47.30111
                    ],
                    [
                        16.069316,
                        47.300636
                    ],
                    [
                        16.069666,
                        47.299462
                    ],
                    [
                        16.069845,
                        47.298661
                    ],
                    [
                        16.070034,
                        47.29748
                    ],
                    [
                        16.07013,
                        47.296262
                    ],
                    [
                        16.070144,
                        47.295584
                    ],
                    [
                        16.070125,
                        47.294907
                    ],
                    [
                        16.070036,
                        47.293878
                    ],
                    [
                        16.069886,
                        47.292862
                    ],
                    [
                        16.069679,
                        47.291906
                    ],
                    [
                        16.069417,
                        47.290969
                    ],
                    [
                        16.069279,
                        47.29056
                    ],
                    [
                        16.068933,
                        47.289648
                    ],
                    [
                        16.06854,
                        47.288754
                    ],
                    [
                        16.068172,
                        47.288028
                    ],
                    [
                        16.067319,
                        47.286602
                    ],
                    [
                        16.066843,
                        47.285899
                    ],
                    [
                        16.065978,
                        47.284763
                    ],
                    [
                        16.065444,
                        47.284138
                    ],
                    [
                        16.064995,
                        47.283637
                    ],
                    [
                        16.063964,
                        47.282596
                    ],
                    [
                        16.063156,
                        47.281857
                    ],
                    [
                        16.062684,
                        47.281448
                    ],
                    [
                        16.062298,
                        47.281139
                    ],
                    [
                        16.061627,
                        47.280616
                    ],
                    [
                        16.060928,
                        47.280106
                    ],
                    [
                        16.060101,
                        47.279538
                    ],
                    [
                        16.058514,
                        47.278563
                    ],
                    [
                        16.057758,
                        47.278134
                    ],
                    [
                        16.056633,
                        47.277557
                    ],
                    [
                        16.055195,
                        47.276886
                    ],
                    [
                        16.054065,
                        47.276398
                    ],
                    [
                        16.052475,
                        47.27579
                    ],
                    [
                        16.051295,
                        47.275396
                    ],
                    [
                        16.049952,
                        47.274977
                    ],
                    [
                        16.049185,
                        47.274768
                    ],
                    [
                        16.047033,
                        47.274255
                    ],
                    [
                        16.045946,
                        47.274032
                    ],
                    [
                        16.044131,
                        47.273728
                    ],
                    [
                        16.042495,
                        47.273519
                    ],
                    [
                        16.041036,
                        47.273379
                    ],
                    [
                        16.040386,
                        47.273329
                    ],
                    [
                        16.039147,
                        47.273265
                    ],
                    [
                        16.037674,
                        47.273226
                    ],
                    [
                        16.036898,
                        47.27322
                    ],
                    [
                        16.03625,
                        47.273229
                    ],
                    [
                        16.034861,
                        47.273278
                    ],
                    [
                        16.033504,
                        47.273363
                    ],
                    [
                        16.032364,
                        47.273459
                    ],
                    [
                        16.031221,
                        47.273581
                    ],
                    [
                        16.029756,
                        47.273774
                    ],
                    [
                        16.028004,
                        47.274037
                    ],
                    [
                        16.022821,
                        47.274916
                    ],
                    [
                        16.022007,
                        47.275042
                    ],
                    [
                        16.020858,
                        47.275194
                    ],
                    [
                        16.019876,
                        47.275306
                    ],
                    [
                        16.019018,
                        47.275377
                    ],
                    [
                        16.018295,
                        47.275418
                    ],
                    [
                        16.017197,
                        47.27544
                    ],
                    [
                        16.016325,
                        47.275418
                    ],
                    [
                        16.015563,
                        47.275375
                    ],
                    [
                        16.014651,
                        47.275295
                    ],
                    [
                        16.013703,
                        47.275171
                    ],
                    [
                        16.012896,
                        47.275034
                    ],
                    [
                        16.012092,
                        47.274872
                    ],
                    [
                        16.011336,
                        47.274686
                    ],
                    [
                        16.010619,
                        47.274485
                    ],
                    [
                        16.00978,
                        47.274214
                    ],
                    [
                        16.008886,
                        47.273881
                    ],
                    [
                        16.008052,
                        47.273526
                    ],
                    [
                        16.007489,
                        47.273258
                    ],
                    [
                        16.006324,
                        47.272613
                    ],
                    [
                        16.005417,
                        47.27202
                    ],
                    [
                        16.005172,
                        47.271852
                    ],
                    [
                        16.004596,
                        47.271412
                    ],
                    [
                        16.004062,
                        47.270961
                    ],
                    [
                        16.003636,
                        47.270555
                    ],
                    [
                        16.003242,
                        47.270141
                    ],
                    [
                        16.002616,
                        47.269408
                    ],
                    [
                        16.00202,
                        47.268557
                    ],
                    [
                        16.001444,
                        47.267484
                    ],
                    [
                        16.001219,
                        47.266947
                    ],
                    [
                        16.001035,
                        47.266402
                    ],
                    [
                        16.000994,
                        47.266256
                    ],
                    [
                        16.000872,
                        47.265761
                    ],
                    [
                        16.000779,
                        47.265264
                    ],
                    [
                        16.000722,
                        47.264794
                    ],
                    [
                        16.000693,
                        47.264096
                    ],
                    [
                        16.000713,
                        47.263408
                    ],
                    [
                        16.000806,
                        47.26259
                    ],
                    [
                        16.000936,
                        47.261767
                    ],
                    [
                        16.001602,
                        47.258584
                    ],
                    [
                        16.001734,
                        47.257716
                    ],
                    [
                        16.001812,
                        47.256956
                    ],
                    [
                        16.001843,
                        47.256357
                    ],
                    [
                        16.001844,
                        47.255758
                    ],
                    [
                        16.001801,
                        47.255166
                    ],
                    [
                        16.001729,
                        47.254576
                    ],
                    [
                        16.001611,
                        47.253895
                    ],
                    [
                        16.001437,
                        47.253211
                    ],
                    [
                        16.0012,
                        47.252448
                    ],
                    [
                        16.000922,
                        47.251713
                    ],
                    [
                        16.00053,
                        47.250863
                    ],
                    [
                        16.000107,
                        47.250017
                    ],
                    [
                        15.999354,
                        47.248621
                    ],
                    [
                        15.998715,
                        47.247433
                    ],
                    [
                        15.998118,
                        47.24627
                    ],
                    [
                        15.997998,
                        47.246028
                    ],
                    [
                        15.997655,
                        47.245368
                    ],
                    [
                        15.997302,
                        47.244581
                    ],
                    [
                        15.996807,
                        47.24341
                    ],
                    [
                        15.99636,
                        47.242246
                    ],
                    [
                        15.99617,
                        47.241705
                    ],
                    [
                        15.995851,
                        47.240677
                    ],
                    [
                        15.995584,
                        47.239699
                    ],
                    [
                        15.995233,
                        47.238197
                    ],
                    [
                        15.995088,
                        47.237428
                    ],
                    [
                        15.994968,
                        47.236645
                    ],
                    [
                        15.994843,
                        47.235666
                    ],
                    [
                        15.994713,
                        47.234182
                    ],
                    [
                        15.994696,
                        47.233696
                    ],
                    [
                        15.994679,
                        47.232644
                    ],
                    [
                        15.994703,
                        47.231538
                    ],
                    [
                        15.994766,
                        47.230434
                    ],
                    [
                        15.994938,
                        47.22834
                    ],
                    [
                        15.994979,
                        47.227939
                    ],
                    [
                        15.995206,
                        47.225742
                    ],
                    [
                        15.995357,
                        47.223657
                    ],
                    [
                        15.995376,
                        47.222633
                    ],
                    [
                        15.995344,
                        47.221575
                    ],
                    [
                        15.995285,
                        47.220844
                    ],
                    [
                        15.995193,
                        47.220109
                    ],
                    [
                        15.994977,
                        47.218888
                    ],
                    [
                        15.994708,
                        47.21774
                    ],
                    [
                        15.994324,
                        47.216513
                    ],
                    [
                        15.993894,
                        47.215358
                    ],
                    [
                        15.993811,
                        47.215138
                    ],
                    [
                        15.991812,
                        47.210699
                    ],
                    [
                        15.99129,
                        47.209422
                    ],
                    [
                        15.991016,
                        47.208627
                    ],
                    [
                        15.990778,
                        47.207827
                    ],
                    [
                        15.990615,
                        47.20717
                    ],
                    [
                        15.990484,
                        47.206519
                    ],
                    [
                        15.99035,
                        47.20553
                    ],
                    [
                        15.990273,
                        47.20455
                    ],
                    [
                        15.990256,
                        47.203835
                    ],
                    [
                        15.990269,
                        47.203121
                    ],
                    [
                        15.990294,
                        47.202718
                    ],
                    [
                        15.990409,
                        47.201644
                    ],
                    [
                        15.990596,
                        47.200593
                    ],
                    [
                        15.990861,
                        47.199543
                    ],
                    [
                        15.991114,
                        47.198726
                    ],
                    [
                        15.991412,
                        47.197916
                    ],
                    [
                        15.991762,
                        47.19711
                    ],
                    [
                        15.992156,
                        47.196312
                    ],
                    [
                        15.992481,
                        47.195712
                    ],
                    [
                        15.992823,
                        47.195115
                    ],
                    [
                        15.994306,
                        47.192713
                    ],
                    [
                        15.995168,
                        47.191267
                    ],
                    [
                        15.995533,
                        47.19059
                    ],
                    [
                        15.995869,
                        47.189911
                    ],
                    [
                        15.996197,
                        47.189179
                    ],
                    [
                        15.996484,
                        47.188447
                    ],
                    [
                        15.996736,
                        47.187707
                    ],
                    [
                        15.997058,
                        47.186531
                    ],
                    [
                        15.997286,
                        47.18537
                    ],
                    [
                        15.997373,
                        47.18465
                    ],
                    [
                        15.997426,
                        47.184128
                    ],
                    [
                        15.997459,
                        47.183361
                    ],
                    [
                        15.997447,
                        47.182506
                    ],
                    [
                        15.997379,
                        47.181477
                    ],
                    [
                        15.997332,
                        47.181223
                    ],
                    [
                        15.997297,
                        47.180939
                    ],
                    [
                        15.997245,
                        47.180499
                    ],
                    [
                        15.997052,
                        47.179215
                    ],
                    [
                        15.996911,
                        47.178306
                    ],
                    [
                        15.996789,
                        47.177306
                    ],
                    [
                        15.996766,
                        47.176755
                    ],
                    [
                        15.996775,
                        47.176255
                    ],
                    [
                        15.996813,
                        47.175741
                    ],
                    [
                        15.996923,
                        47.174926
                    ],
                    [
                        15.996985,
                        47.174639
                    ],
                    [
                        15.997235,
                        47.173716
                    ],
                    [
                        15.9994,
                        47.16759
                    ],
                    [
                        16.000466,
                        47.164575
                    ],
                    [
                        16.000793,
                        47.163551
                    ],
                    [
                        16.001024,
                        47.162726
                    ],
                    [
                        16.001202,
                        47.161891
                    ],
                    [
                        16.001332,
                        47.161018
                    ],
                    [
                        16.001396,
                        47.160141
                    ],
                    [
                        16.001406,
                        47.159371
                    ],
                    [
                        16.00137,
                        47.158686
                    ],
                    [
                        16.00127,
                        47.157826
                    ],
                    [
                        16.001129,
                        47.157048
                    ],
                    [
                        16.000965,
                        47.156376
                    ],
                    [
                        16.00076,
                        47.155709
                    ],
                    [
                        16.000496,
                        47.154971
                    ],
                    [
                        16.000183,
                        47.154243
                    ],
                    [
                        15.99983,
                        47.15353
                    ],
                    [
                        15.999457,
                        47.15288
                    ],
                    [
                        15.998968,
                        47.152114
                    ],
                    [
                        15.998433,
                        47.151367
                    ],
                    [
                        15.997857,
                        47.15064
                    ],
                    [
                        15.997353,
                        47.150058
                    ],
                    [
                        15.996393,
                        47.148972
                    ],
                    [
                        15.996115,
                        47.148658
                    ],
                    [
                        15.995796,
                        47.148317
                    ],
                    [
                        15.99378,
                        47.145946
                    ],
                    [
                        15.992316,
                        47.144174
                    ],
                    [
                        15.991378,
                        47.142958
                    ],
                    [
                        15.990788,
                        47.142152
                    ],
                    [
                        15.990606,
                        47.141897
                    ],
                    [
                        15.989733,
                        47.140592
                    ],
                    [
                        15.988931,
                        47.139299
                    ],
                    [
                        15.988857,
                        47.139171
                    ],
                    [
                        15.988053,
                        47.137716
                    ],
                    [
                        15.987294,
                        47.136197
                    ],
                    [
                        15.986822,
                        47.135139
                    ],
                    [
                        15.986392,
                        47.134087
                    ],
                    [
                        15.985839,
                        47.132566
                    ],
                    [
                        15.985367,
                        47.131022
                    ],
                    [
                        15.985128,
                        47.130144
                    ],
                    [
                        15.98492,
                        47.129263
                    ],
                    [
                        15.984879,
                        47.129067
                    ],
                    [
                        15.984674,
                        47.128048
                    ],
                    [
                        15.984389,
                        47.126142
                    ],
                    [
                        15.984305,
                        47.12534
                    ],
                    [
                        15.984216,
                        47.124126
                    ],
                    [
                        15.984185,
                        47.123518
                    ],
                    [
                        15.984154,
                        47.122692
                    ],
                    [
                        15.984145,
                        47.121042
                    ],
                    [
                        15.984214,
                        47.118546
                    ],
                    [
                        15.984321,
                        47.116531
                    ],
                    [
                        15.984444,
                        47.114632
                    ],
                    [
                        15.984492,
                        47.113855
                    ],
                    [
                        15.984786,
                        47.109109
                    ],
                    [
                        15.984801,
                        47.108841
                    ],
                    [
                        15.984869,
                        47.107144
                    ],
                    [
                        15.984881,
                        47.105724
                    ],
                    [
                        15.984846,
                        47.104845
                    ],
                    [
                        15.984763,
                        47.10377
                    ],
                    [
                        15.98461,
                        47.102651
                    ],
                    [
                        15.984493,
                        47.102016
                    ],
                    [
                        15.984199,
                        47.100773
                    ],
                    [
                        15.984065,
                        47.100308
                    ],
                    [
                        15.983587,
                        47.098893
                    ],
                    [
                        15.983227,
                        47.098031
                    ],
                    [
                        15.982787,
                        47.097071
                    ],
                    [
                        15.982443,
                        47.096409
                    ],
                    [
                        15.981858,
                        47.095387
                    ],
                    [
                        15.981309,
                        47.094527
                    ],
                    [
                        15.980862,
                        47.093884
                    ],
                    [
                        15.980608,
                        47.09354
                    ],
                    [
                        15.980265,
                        47.093076
                    ],
                    [
                        15.979904,
                        47.092628
                    ],
                    [
                        15.97918,
                        47.091776
                    ],
                    [
                        15.978087,
                        47.090604
                    ],
                    [
                        15.977515,
                        47.090044
                    ],
                    [
                        15.976924,
                        47.089494
                    ],
                    [
                        15.976368,
                        47.089003
                    ],
                    [
                        15.975098,
                        47.087954
                    ],
                    [
                        15.973747,
                        47.086955
                    ],
                    [
                        15.973096,
                        47.086504
                    ],
                    [
                        15.971529,
                        47.085509
                    ],
                    [
                        15.970778,
                        47.085063
                    ],
                    [
                        15.969967,
                        47.084613
                    ],
                    [
                        15.968902,
                        47.084058
                    ],
                    [
                        15.96781,
                        47.083528
                    ],
                    [
                        15.967127,
                        47.08321
                    ],
                    [
                        15.96662,
                        47.082986
                    ],
                    [
                        15.965187,
                        47.082388
                    ],
                    [
                        15.963778,
                        47.08186
                    ],
                    [
                        15.962201,
                        47.081322
                    ],
                    [
                        15.961119,
                        47.080987
                    ],
                    [
                        15.960425,
                        47.080789
                    ],
                    [
                        15.959773,
                        47.080609
                    ],
                    [
                        15.958801,
                        47.080356
                    ],
                    [
                        15.95786,
                        47.080135
                    ],
                    [
                        15.957001,
                        47.079955
                    ],
                    [
                        15.955991,
                        47.079746
                    ],
                    [
                        15.954969,
                        47.07956
                    ],
                    [
                        15.95384,
                        47.079387
                    ],
                    [
                        15.953315,
                        47.079307
                    ],
                    [
                        15.951909,
                        47.079129
                    ],
                    [
                        15.95099,
                        47.079031
                    ],
                    [
                        15.949794,
                        47.078925
                    ],
                    [
                        15.948609,
                        47.078846
                    ],
                    [
                        15.947407,
                        47.078791
                    ],
                    [
                        15.946205,
                        47.078758
                    ],
                    [
                        15.944116,
                        47.078768
                    ],
                    [
                        15.942098,
                        47.078843
                    ],
                    [
                        15.940581,
                        47.078944
                    ],
                    [
                        15.939072,
                        47.079066
                    ],
                    [
                        15.933231,
                        47.079592
                    ],
                    [
                        15.930394,
                        47.079814
                    ],
                    [
                        15.927859,
                        47.079972
                    ],
                    [
                        15.925273,
                        47.080087
                    ],
                    [
                        15.92384,
                        47.080133
                    ],
                    [
                        15.923594,
                        47.08014
                    ],
                    [
                        15.919219,
                        47.08019
                    ],
                    [
                        15.917598,
                        47.080171
                    ],
                    [
                        15.914122,
                        47.080084
                    ],
                    [
                        15.908513,
                        47.079857
                    ],
                    [
                        15.908054,
                        47.079837
                    ],
                    [
                        15.901071,
                        47.079547
                    ],
                    [
                        15.899062,
                        47.07949
                    ],
                    [
                        15.896869,
                        47.079477
                    ],
                    [
                        15.895451,
                        47.079517
                    ],
                    [
                        15.894045,
                        47.079595
                    ],
                    [
                        15.892963,
                        47.079683
                    ],
                    [
                        15.891906,
                        47.0798
                    ],
                    [
                        15.890782,
                        47.079946
                    ],
                    [
                        15.889667,
                        47.080125
                    ],
                    [
                        15.889205,
                        47.080205
                    ],
                    [
                        15.887151,
                        47.080634
                    ],
                    [
                        15.886071,
                        47.080901
                    ],
                    [
                        15.884996,
                        47.081196
                    ],
                    [
                        15.88391,
                        47.081525
                    ],
                    [
                        15.882842,
                        47.081881
                    ],
                    [
                        15.881821,
                        47.082259
                    ],
                    [
                        15.880826,
                        47.082661
                    ],
                    [
                        15.879374,
                        47.083297
                    ],
                    [
                        15.876702,
                        47.084557
                    ],
                    [
                        15.876248,
                        47.084774
                    ],
                    [
                        15.874,
                        47.085827
                    ],
                    [
                        15.873024,
                        47.086254
                    ],
                    [
                        15.872031,
                        47.086654
                    ],
                    [
                        15.87122,
                        47.086959
                    ],
                    [
                        15.870404,
                        47.087244
                    ],
                    [
                        15.86942,
                        47.087545
                    ],
                    [
                        15.868393,
                        47.087835
                    ],
                    [
                        15.867403,
                        47.088078
                    ],
                    [
                        15.866402,
                        47.088292
                    ],
                    [
                        15.865441,
                        47.088474
                    ],
                    [
                        15.864475,
                        47.088631
                    ],
                    [
                        15.863482,
                        47.088767
                    ],
                    [
                        15.862492,
                        47.088877
                    ],
                    [
                        15.860065,
                        47.089107
                    ],
                    [
                        15.857371,
                        47.089323
                    ],
                    [
                        15.856166,
                        47.089412
                    ],
                    [
                        15.853417,
                        47.089636
                    ],
                    [
                        15.847708,
                        47.090089
                    ],
                    [
                        15.847075,
                        47.090139
                    ],
                    [
                        15.84401,
                        47.090395
                    ],
                    [
                        15.843272,
                        47.090466
                    ],
                    [
                        15.842448,
                        47.090559
                    ],
                    [
                        15.841485,
                        47.090674
                    ],
                    [
                        15.84051,
                        47.090815
                    ],
                    [
                        15.839554,
                        47.09098
                    ],
                    [
                        15.838286,
                        47.091234
                    ],
                    [
                        15.83705,
                        47.091527
                    ],
                    [
                        15.835865,
                        47.091859
                    ],
                    [
                        15.834717,
                        47.092225
                    ],
                    [
                        15.833299,
                        47.092719
                    ],
                    [
                        15.831729,
                        47.093317
                    ],
                    [
                        15.831429,
                        47.093432
                    ],
                    [
                        15.825848,
                        47.095586
                    ],
                    [
                        15.825131,
                        47.095864
                    ],
                    [
                        15.823593,
                        47.096459
                    ],
                    [
                        15.821732,
                        47.097177
                    ],
                    [
                        15.820446,
                        47.097643
                    ],
                    [
                        15.819298,
                        47.098022
                    ],
                    [
                        15.818927,
                        47.098133
                    ],
                    [
                        15.817603,
                        47.098492
                    ],
                    [
                        15.816937,
                        47.098646
                    ],
                    [
                        15.815544,
                        47.098906
                    ],
                    [
                        15.814515,
                        47.099055
                    ],
                    [
                        15.813637,
                        47.099152
                    ],
                    [
                        15.812591,
                        47.09923
                    ],
                    [
                        15.811729,
                        47.099277
                    ],
                    [
                        15.809702,
                        47.099323
                    ],
                    [
                        15.80654,
                        47.099349
                    ],
                    [
                        15.803737,
                        47.099368
                    ],
                    [
                        15.803361,
                        47.099376
                    ],
                    [
                        15.801391,
                        47.09942
                    ],
                    [
                        15.799445,
                        47.099497
                    ],
                    [
                        15.79883,
                        47.099529
                    ],
                    [
                        15.796775,
                        47.099668
                    ],
                    [
                        15.794725,
                        47.099865
                    ],
                    [
                        15.793148,
                        47.100062
                    ],
                    [
                        15.791583,
                        47.100302
                    ],
                    [
                        15.790775,
                        47.100443
                    ],
                    [
                        15.7883,
                        47.100931
                    ],
                    [
                        15.786228,
                        47.101417
                    ],
                    [
                        15.784572,
                        47.101839
                    ],
                    [
                        15.781586,
                        47.102681
                    ],
                    [
                        15.77421,
                        47.104825
                    ],
                    [
                        15.772736,
                        47.105222
                    ],
                    [
                        15.772005,
                        47.105381
                    ],
                    [
                        15.771257,
                        47.105516
                    ],
                    [
                        15.770389,
                        47.105635
                    ],
                    [
                        15.769679,
                        47.105697
                    ],
                    [
                        15.768969,
                        47.105738
                    ],
                    [
                        15.768451,
                        47.105748
                    ],
                    [
                        15.767648,
                        47.105736
                    ],
                    [
                        15.766842,
                        47.105691
                    ],
                    [
                        15.766238,
                        47.105634
                    ],
                    [
                        15.765493,
                        47.105543
                    ],
                    [
                        15.764899,
                        47.105451
                    ],
                    [
                        15.76372,
                        47.1052
                    ],
                    [
                        15.762808,
                        47.104944
                    ],
                    [
                        15.761751,
                        47.104585
                    ],
                    [
                        15.760907,
                        47.104233
                    ],
                    [
                        15.760096,
                        47.103841
                    ],
                    [
                        15.759339,
                        47.10341
                    ],
                    [
                        15.758594,
                        47.102952
                    ],
                    [
                        15.757828,
                        47.102455
                    ],
                    [
                        15.751353,
                        47.098225
                    ],
                    [
                        15.750162,
                        47.097499
                    ],
                    [
                        15.748941,
                        47.096799
                    ],
                    [
                        15.748106,
                        47.096349
                    ],
                    [
                        15.74726,
                        47.095925
                    ],
                    [
                        15.746372,
                        47.095515
                    ],
                    [
                        15.745441,
                        47.095118
                    ],
                    [
                        15.744405,
                        47.094712
                    ],
                    [
                        15.743703,
                        47.094459
                    ],
                    [
                        15.742265,
                        47.094004
                    ],
                    [
                        15.741252,
                        47.093709
                    ],
                    [
                        15.74025,
                        47.093449
                    ],
                    [
                        15.739231,
                        47.093216
                    ],
                    [
                        15.738408,
                        47.093053
                    ],
                    [
                        15.73729,
                        47.092852
                    ],
                    [
                        15.736256,
                        47.092699
                    ],
                    [
                        15.735891,
                        47.092652
                    ],
                    [
                        15.734447,
                        47.092489
                    ],
                    [
                        15.733528,
                        47.092413
                    ],
                    [
                        15.73251,
                        47.092355
                    ],
                    [
                        15.730699,
                        47.092315
                    ],
                    [
                        15.729967,
                        47.09232
                    ],
                    [
                        15.729081,
                        47.092341
                    ],
                    [
                        15.727349,
                        47.092433
                    ],
                    [
                        15.726659,
                        47.092493
                    ],
                    [
                        15.725967,
                        47.092562
                    ],
                    [
                        15.724484,
                        47.09275
                    ],
                    [
                        15.723242,
                        47.092957
                    ],
                    [
                        15.72243,
                        47.093112
                    ],
                    [
                        15.721424,
                        47.093326
                    ],
                    [
                        15.720439,
                        47.093565
                    ],
                    [
                        15.720002,
                        47.093676
                    ],
                    [
                        15.718045,
                        47.09423
                    ],
                    [
                        15.716021,
                        47.094886
                    ],
                    [
                        15.71436,
                        47.095477
                    ],
                    [
                        15.710429,
                        47.096995
                    ],
                    [
                        15.709799,
                        47.097246
                    ],
                    [
                        15.708279,
                        47.097837
                    ],
                    [
                        15.706722,
                        47.09841
                    ],
                    [
                        15.705643,
                        47.098773
                    ],
                    [
                        15.704539,
                        47.099106
                    ],
                    [
                        15.703767,
                        47.099315
                    ],
                    [
                        15.702233,
                        47.09965
                    ],
                    [
                        15.700863,
                        47.099871
                    ],
                    [
                        15.700124,
                        47.099962
                    ],
                    [
                        15.699253,
                        47.100037
                    ],
                    [
                        15.698179,
                        47.100096
                    ],
                    [
                        15.697357,
                        47.100108
                    ],
                    [
                        15.696669,
                        47.1001
                    ],
                    [
                        15.695435,
                        47.100042
                    ],
                    [
                        15.694266,
                        47.099941
                    ],
                    [
                        15.69359,
                        47.099848
                    ],
                    [
                        15.692512,
                        47.099675
                    ],
                    [
                        15.691336,
                        47.099432
                    ],
                    [
                        15.690422,
                        47.099203
                    ],
                    [
                        15.689341,
                        47.098874
                    ],
                    [
                        15.688697,
                        47.098654
                    ],
                    [
                        15.686947,
                        47.097947
                    ],
                    [
                        15.686149,
                        47.09755
                    ],
                    [
                        15.685324,
                        47.097097
                    ],
                    [
                        15.684733,
                        47.096741
                    ],
                    [
                        15.684333,
                        47.096516
                    ],
                    [
                        15.68304,
                        47.095579
                    ],
                    [
                        15.681916,
                        47.094756
                    ],
                    [
                        15.681659,
                        47.094581
                    ],
                    [
                        15.680995,
                        47.094136
                    ],
                    [
                        15.680301,
                        47.093705
                    ],
                    [
                        15.678744,
                        47.092855
                    ],
                    [
                        15.677878,
                        47.092427
                    ],
                    [
                        15.677043,
                        47.092047
                    ],
                    [
                        15.67561,
                        47.091469
                    ],
                    [
                        15.675316,
                        47.091358
                    ],
                    [
                        15.674733,
                        47.091156
                    ],
                    [
                        15.67372,
                        47.090826
                    ],
                    [
                        15.672895,
                        47.090596
                    ],
                    [
                        15.672223,
                        47.09041
                    ],
                    [
                        15.671032,
                        47.090127
                    ],
                    [
                        15.670036,
                        47.089916
                    ],
                    [
                        15.66717,
                        47.089367
                    ],
                    [
                        15.666482,
                        47.089235
                    ],
                    [
                        15.664243,
                        47.088754
                    ],
                    [
                        15.663326,
                        47.088529
                    ],
                    [
                        15.661638,
                        47.088062
                    ],
                    [
                        15.660687,
                        47.087778
                    ],
                    [
                        15.659677,
                        47.087452
                    ],
                    [
                        15.659591,
                        47.087423
                    ],
                    [
                        15.657973,
                        47.086842
                    ],
                    [
                        15.656299,
                        47.086167
                    ],
                    [
                        15.654644,
                        47.085423
                    ],
                    [
                        15.652863,
                        47.084531
                    ],
                    [
                        15.65112,
                        47.08355
                    ],
                    [
                        15.649665,
                        47.082637
                    ],
                    [
                        15.648945,
                        47.082152
                    ],
                    [
                        15.648246,
                        47.081656
                    ],
                    [
                        15.647419,
                        47.08103
                    ],
                    [
                        15.646225,
                        47.080057
                    ],
                    [
                        15.644875,
                        47.078835
                    ],
                    [
                        15.644325,
                        47.078296
                    ],
                    [
                        15.643632,
                        47.077553
                    ],
                    [
                        15.642962,
                        47.076796
                    ],
                    [
                        15.642673,
                        47.076457
                    ],
                    [
                        15.6418,
                        47.075426
                    ],
                    [
                        15.640898,
                        47.074415
                    ],
                    [
                        15.640742,
                        47.074245
                    ],
                    [
                        15.640309,
                        47.073792
                    ],
                    [
                        15.639972,
                        47.073478
                    ],
                    [
                        15.6389,
                        47.072588
                    ],
                    [
                        15.638103,
                        47.072037
                    ],
                    [
                        15.637228,
                        47.071522
                    ],
                    [
                        15.636448,
                        47.071127
                    ],
                    [
                        15.635629,
                        47.070768
                    ],
                    [
                        15.635165,
                        47.070586
                    ],
                    [
                        15.634414,
                        47.070328
                    ],
                    [
                        15.633705,
                        47.070112
                    ],
                    [
                        15.633329,
                        47.07001
                    ],
                    [
                        15.632504,
                        47.069809
                    ],
                    [
                        15.631358,
                        47.069558
                    ],
                    [
                        15.627835,
                        47.068926
                    ],
                    [
                        15.625571,
                        47.068485
                    ],
                    [
                        15.625061,
                        47.068375
                    ],
                    [
                        15.623542,
                        47.068022
                    ],
                    [
                        15.62144,
                        47.067479
                    ],
                    [
                        15.619372,
                        47.06687
                    ],
                    [
                        15.617221,
                        47.066162
                    ],
                    [
                        15.615141,
                        47.065413
                    ],
                    [
                        15.614764,
                        47.065281
                    ],
                    [
                        15.61469,
                        47.065256
                    ],
                    [
                        15.613444,
                        47.064818
                    ],
                    [
                        15.611728,
                        47.06427
                    ],
                    [
                        15.610459,
                        47.063932
                    ],
                    [
                        15.609256,
                        47.063658
                    ],
                    [
                        15.607423,
                        47.06332
                    ],
                    [
                        15.605532,
                        47.06307
                    ],
                    [
                        15.601261,
                        47.062697
                    ],
                    [
                        15.600713,
                        47.06264
                    ],
                    [
                        15.599671,
                        47.062504
                    ],
                    [
                        15.599142,
                        47.062414
                    ],
                    [
                        15.598777,
                        47.062347
                    ],
                    [
                        15.598019,
                        47.062196
                    ],
                    [
                        15.596612,
                        47.061924
                    ],
                    [
                        15.595811,
                        47.061793
                    ],
                    [
                        15.595638,
                        47.061768
                    ],
                    [
                        15.59542,
                        47.061736
                    ],
                    [
                        15.594533,
                        47.061655
                    ],
                    [
                        15.593958,
                        47.061619
                    ],
                    [
                        15.593198,
                        47.061596
                    ],
                    [
                        15.591921,
                        47.061636
                    ],
                    [
                        15.591162,
                        47.061696
                    ],
                    [
                        15.590617,
                        47.061757
                    ],
                    [
                        15.589852,
                        47.061877
                    ],
                    [
                        15.588876,
                        47.062073
                    ],
                    [
                        15.588786,
                        47.062094
                    ],
                    [
                        15.58812,
                        47.062264
                    ],
                    [
                        15.587432,
                        47.062462
                    ],
                    [
                        15.586649,
                        47.062723
                    ],
                    [
                        15.585764,
                        47.063021
                    ],
                    [
                        15.585658,
                        47.063053
                    ],
                    [
                        15.584823,
                        47.063314
                    ],
                    [
                        15.584196,
                        47.063483
                    ],
                    [
                        15.583316,
                        47.063687
                    ],
                    [
                        15.582865,
                        47.063775
                    ],
                    [
                        15.582394,
                        47.063845
                    ],
                    [
                        15.581756,
                        47.063931
                    ],
                    [
                        15.580996,
                        47.064008
                    ],
                    [
                        15.58029,
                        47.064045
                    ],
                    [
                        15.579785,
                        47.064056
                    ],
                    [
                        15.579154,
                        47.06405
                    ],
                    [
                        15.578701,
                        47.064035
                    ],
                    [
                        15.578249,
                        47.064011
                    ],
                    [
                        15.57748,
                        47.063939
                    ],
                    [
                        15.57674,
                        47.063844
                    ],
                    [
                        15.57562,
                        47.06364
                    ],
                    [
                        15.572922,
                        47.06305
                    ],
                    [
                        15.571847,
                        47.062862
                    ],
                    [
                        15.571186,
                        47.062776
                    ],
                    [
                        15.570529,
                        47.06271
                    ],
                    [
                        15.569455,
                        47.062641
                    ],
                    [
                        15.568314,
                        47.062626
                    ],
                    [
                        15.56728,
                        47.062661
                    ],
                    [
                        15.564766,
                        47.062823
                    ],
                    [
                        15.563931,
                        47.062854
                    ],
                    [
                        15.563033,
                        47.062854
                    ],
                    [
                        15.562301,
                        47.062826
                    ],
                    [
                        15.561517,
                        47.062761
                    ],
                    [
                        15.560611,
                        47.062647
                    ],
                    [
                        15.559702,
                        47.062485
                    ],
                    [
                        15.558974,
                        47.062321
                    ],
                    [
                        15.55829,
                        47.062134
                    ],
                    [
                        15.557474,
                        47.061874
                    ],
                    [
                        15.556884,
                        47.061663
                    ],
                    [
                        15.556179,
                        47.061367
                    ],
                    [
                        15.555106,
                        47.060826
                    ],
                    [
                        15.554149,
                        47.060286
                    ],
                    [
                        15.553048,
                        47.059699
                    ],
                    [
                        15.552681,
                        47.059514
                    ],
                    [
                        15.552291,
                        47.05934
                    ],
                    [
                        15.55187,
                        47.05916
                    ],
                    [
                        15.551269,
                        47.058913
                    ],
                    [
                        15.550784,
                        47.058737
                    ],
                    [
                        15.550069,
                        47.058499
                    ],
                    [
                        15.549328,
                        47.05829
                    ],
                    [
                        15.548628,
                        47.058119
                    ],
                    [
                        15.547252,
                        47.057854
                    ],
                    [
                        15.54535,
                        47.057577
                    ],
                    [
                        15.544438,
                        47.05742
                    ],
                    [
                        15.543541,
                        47.057225
                    ],
                    [
                        15.542993,
                        47.057094
                    ],
                    [
                        15.542475,
                        47.05694
                    ],
                    [
                        15.541869,
                        47.056742
                    ],
                    [
                        15.541268,
                        47.056524
                    ],
                    [
                        15.541018,
                        47.056419
                    ],
                    [
                        15.540472,
                        47.056182
                    ],
                    [
                        15.539904,
                        47.0559
                    ],
                    [
                        15.539288,
                        47.05556
                    ],
                    [
                        15.538599,
                        47.055135
                    ],
                    [
                        15.537909,
                        47.05463
                    ],
                    [
                        15.537365,
                        47.054173
                    ],
                    [
                        15.536816,
                        47.053645
                    ],
                    [
                        15.536215,
                        47.052963
                    ],
                    [
                        15.53575,
                        47.052308
                    ],
                    [
                        15.535356,
                        47.051625
                    ],
                    [
                        15.534949,
                        47.050739
                    ],
                    [
                        15.53456,
                        47.049767
                    ],
                    [
                        15.534372,
                        47.049312
                    ],
                    [
                        15.53414,
                        47.048824
                    ],
                    [
                        15.533773,
                        47.048158
                    ],
                    [
                        15.533136,
                        47.047268
                    ],
                    [
                        15.532459,
                        47.046535
                    ],
                    [
                        15.531882,
                        47.046024
                    ],
                    [
                        15.531429,
                        47.045656
                    ],
                    [
                        15.530951,
                        47.045298
                    ],
                    [
                        15.530185,
                        47.044831
                    ],
                    [
                        15.529509,
                        47.044468
                    ],
                    [
                        15.528965,
                        47.044213
                    ],
                    [
                        15.527871,
                        47.043763
                    ],
                    [
                        15.526848,
                        47.043433
                    ],
                    [
                        15.525757,
                        47.043156
                    ],
                    [
                        15.52475,
                        47.042951
                    ],
                    [
                        15.522418,
                        47.042547
                    ],
                    [
                        15.520506,
                        47.042196
                    ],
                    [
                        15.519342,
                        47.041922
                    ],
                    [
                        15.518398,
                        47.041663
                    ],
                    [
                        15.51758,
                        47.041403
                    ],
                    [
                        15.516782,
                        47.041121
                    ],
                    [
                        15.515878,
                        47.040767
                    ],
                    [
                        15.515039,
                        47.040388
                    ],
                    [
                        15.513675,
                        47.039693
                    ],
                    [
                        15.512136,
                        47.038717
                    ],
                    [
                        15.51105,
                        47.037901
                    ],
                    [
                        15.510094,
                        47.037049
                    ],
                    [
                        15.50952,
                        47.036467
                    ],
                    [
                        15.509091,
                        47.035974
                    ],
                    [
                        15.508859,
                        47.035692
                    ],
                    [
                        15.508156,
                        47.034727
                    ],
                    [
                        15.507423,
                        47.033618
                    ],
                    [
                        15.5073,
                        47.033432
                    ],
                    [
                        15.506628,
                        47.032429
                    ],
                    [
                        15.506002,
                        47.031573
                    ],
                    [
                        15.505593,
                        47.031062
                    ],
                    [
                        15.503966,
                        47.029223
                    ],
                    [
                        15.503616,
                        47.028872
                    ],
                    [
                        15.502039,
                        47.027396
                    ],
                    [
                        15.501349,
                        47.026826
                    ],
                    [
                        15.500716,
                        47.02633
                    ],
                    [
                        15.499308,
                        47.025282
                    ],
                    [
                        15.498718,
                        47.024881
                    ],
                    [
                        15.497446,
                        47.024065
                    ],
                    [
                        15.496965,
                        47.023768
                    ],
                    [
                        15.496004,
                        47.023219
                    ],
                    [
                        15.495029,
                        47.022695
                    ],
                    [
                        15.494455,
                        47.022396
                    ],
                    [
                        15.493268,
                        47.021826
                    ],
                    [
                        15.492207,
                        47.021352
                    ],
                    [
                        15.491848,
                        47.021203
                    ],
                    [
                        15.491464,
                        47.0211
                    ],
                    [
                        15.490969,
                        47.020956
                    ],
                    [
                        15.49065,
                        47.020876
                    ],
                    [
                        15.490368,
                        47.020825
                    ],
                    [
                        15.489957,
                        47.020766
                    ],
                    [
                        15.489375,
                        47.020727
                    ],
                    [
                        15.48899,
                        47.020734
                    ],
                    [
                        15.488667,
                        47.02076
                    ],
                    [
                        15.487788,
                        47.020968
                    ],
                    [
                        15.487339,
                        47.021146
                    ],
                    [
                        15.487032,
                        47.021322
                    ],
                    [
                        15.486665,
                        47.021577
                    ],
                    [
                        15.486426,
                        47.021783
                    ],
                    [
                        15.486032,
                        47.022181
                    ],
                    [
                        15.485714,
                        47.022631
                    ],
                    [
                        15.485298,
                        47.023399
                    ],
                    [
                        15.485152,
                        47.023709
                    ],
                    [
                        15.484996,
                        47.023942
                    ],
                    [
                        15.484701,
                        47.024523
                    ],
                    [
                        15.484423,
                        47.024999
                    ],
                    [
                        15.484116,
                        47.025458
                    ],
                    [
                        15.483599,
                        47.026166
                    ],
                    [
                        15.48291,
                        47.027042
                    ],
                    [
                        15.482188,
                        47.027944
                    ],
                    [
                        15.481893,
                        47.028309
                    ],
                    [
                        15.48052,
                        47.03003
                    ],
                    [
                        15.480058,
                        47.030605
                    ],
                    [
                        15.47954,
                        47.031249
                    ],
                    [
                        15.479227,
                        47.031642
                    ],
                    [
                        15.478435,
                        47.032608
                    ],
                    [
                        15.477955,
                        47.033154
                    ],
                    [
                        15.477645,
                        47.033499
                    ],
                    [
                        15.477542,
                        47.033608
                    ],
                    [
                        15.476737,
                        47.034421
                    ],
                    [
                        15.475883,
                        47.035164
                    ],
                    [
                        15.475614,
                        47.035383
                    ],
                    [
                        15.474812,
                        47.036017
                    ],
                    [
                        15.474145,
                        47.036511
                    ],
                    [
                        15.468798,
                        47.040199
                    ],
                    [
                        15.467228,
                        47.041258
                    ],
                    [
                        15.46702,
                        47.041403
                    ],
                    [
                        15.466762,
                        47.041591
                    ],
                    [
                        15.46643,
                        47.04183
                    ],
                    [
                        15.466203,
                        47.041989
                    ],
                    [
                        15.465731,
                        47.042315
                    ],
                    [
                        15.465143,
                        47.04272
                    ],
                    [
                        15.464762,
                        47.042979
                    ],
                    [
                        15.464043,
                        47.04345
                    ],
                    [
                        15.463691,
                        47.043685
                    ],
                    [
                        15.46327,
                        47.044023
                    ],
                    [
                        15.463126,
                        47.044148
                    ],
                    [
                        15.462761,
                        47.044499
                    ],
                    [
                        15.462496,
                        47.044812
                    ],
                    [
                        15.461812,
                        47.045715
                    ],
                    [
                        15.461562,
                        47.045984
                    ],
                    [
                        15.461321,
                        47.046195
                    ],
                    [
                        15.461061,
                        47.046381
                    ],
                    [
                        15.460496,
                        47.046678
                    ],
                    [
                        15.460238,
                        47.046786
                    ],
                    [
                        15.459915,
                        47.046891
                    ],
                    [
                        15.459388,
                        47.047003
                    ],
                    [
                        15.458749,
                        47.047086
                    ],
                    [
                        15.458571,
                        47.047103
                    ],
                    [
                        15.458019,
                        47.047152
                    ],
                    [
                        15.456675,
                        47.047268
                    ],
                    [
                        15.455893,
                        47.047302
                    ],
                    [
                        15.455669,
                        47.047302
                    ],
                    [
                        15.45494,
                        47.047393
                    ],
                    [
                        15.454699,
                        47.047407
                    ],
                    [
                        15.453788,
                        47.047418
                    ],
                    [
                        15.453637,
                        47.047358
                    ],
                    [
                        15.453168,
                        47.047228
                    ],
                    [
                        15.453068,
                        47.047202
                    ],
                    [
                        15.452852,
                        47.047143
                    ],
                    [
                        15.452225,
                        47.047031
                    ],
                    [
                        15.451998,
                        47.046998
                    ],
                    [
                        15.451957,
                        47.047075
                    ],
                    [
                        15.451469,
                        47.047744
                    ],
                    [
                        15.451053,
                        47.048266
                    ],
                    [
                        15.450677,
                        47.048644
                    ],
                    [
                        15.450389,
                        47.048964
                    ],
                    [
                        15.449616,
                        47.049879
                    ],
                    [
                        15.449195,
                        47.050376
                    ],
                    [
                        15.448649,
                        47.051007
                    ],
                    [
                        15.448059,
                        47.051672
                    ],
                    [
                        15.448007,
                        47.051736
                    ],
                    [
                        15.447951,
                        47.051797
                    ],
                    [
                        15.447769,
                        47.052018
                    ],
                    [
                        15.447283,
                        47.052639
                    ],
                    [
                        15.447252,
                        47.052679
                    ],
                    [
                        15.4465,
                        47.053713
                    ],
                    [
                        15.445654,
                        47.054891
                    ],
                    [
                        15.445607,
                        47.054954
                    ],
                    [
                        15.445163,
                        47.054762
                    ],
                    [
                        15.444633,
                        47.054534
                    ],
                    [
                        15.444268,
                        47.054377
                    ],
                    [
                        15.443892,
                        47.054214
                    ],
                    [
                        15.443438,
                        47.054019
                    ],
                    [
                        15.443241,
                        47.053934
                    ],
                    [
                        15.442955,
                        47.053807
                    ],
                    [
                        15.442773,
                        47.053719
                    ],
                    [
                        15.442452,
                        47.054049
                    ],
                    [
                        15.442106,
                        47.054459
                    ],
                    [
                        15.441671,
                        47.054953
                    ],
                    [
                        15.441126,
                        47.055556
                    ],
                    [
                        15.440985,
                        47.055743
                    ],
                    [
                        15.440937,
                        47.056018
                    ],
                    [
                        15.440842,
                        47.056777
                    ],
                    [
                        15.440776,
                        47.057214
                    ],
                    [
                        15.440735,
                        47.057537
                    ],
                    [
                        15.440637,
                        47.058272
                    ],
                    [
                        15.440608,
                        47.058378
                    ],
                    [
                        15.440121,
                        47.058328
                    ],
                    [
                        15.43971,
                        47.058251
                    ],
                    [
                        15.438924,
                        47.058161
                    ],
                    [
                        15.438468,
                        47.05811
                    ],
                    [
                        15.437845,
                        47.058063
                    ],
                    [
                        15.437458,
                        47.058008
                    ],
                    [
                        15.437234,
                        47.057974
                    ],
                    [
                        15.43666,
                        47.057883
                    ],
                    [
                        15.435952,
                        47.057791
                    ],
                    [
                        15.435434,
                        47.057723
                    ],
                    [
                        15.435186,
                        47.057723
                    ],
                    [
                        15.435096,
                        47.057742
                    ],
                    [
                        15.4349,
                        47.057826
                    ],
                    [
                        15.434846,
                        47.05787
                    ],
                    [
                        15.434671,
                        47.058303
                    ],
                    [
                        15.434446,
                        47.058774
                    ],
                    [
                        15.434363,
                        47.058862
                    ],
                    [
                        15.434016,
                        47.059953
                    ],
                    [
                        15.433998,
                        47.060017
                    ],
                    [
                        15.43394,
                        47.060235
                    ],
                    [
                        15.433806,
                        47.060713
                    ],
                    [
                        15.433635,
                        47.06161
                    ],
                    [
                        15.433242,
                        47.061586
                    ],
                    [
                        15.433089,
                        47.061637
                    ],
                    [
                        15.432954,
                        47.061635
                    ],
                    [
                        15.43294,
                        47.061723
                    ],
                    [
                        15.43293,
                        47.061785
                    ],
                    [
                        15.432758,
                        47.062871
                    ],
                    [
                        15.432716,
                        47.062979
                    ],
                    [
                        15.432671,
                        47.063024
                    ],
                    [
                        15.432304,
                        47.063095
                    ],
                    [
                        15.432429,
                        47.063504
                    ],
                    [
                        15.432597,
                        47.063934
                    ],
                    [
                        15.432871,
                        47.064522
                    ],
                    [
                        15.433369,
                        47.065057
                    ],
                    [
                        15.433599,
                        47.065489
                    ],
                    [
                        15.433546,
                        47.065506
                    ],
                    [
                        15.433015,
                        47.065536
                    ],
                    [
                        15.432936,
                        47.0655
                    ],
                    [
                        15.432805,
                        47.065482
                    ],
                    [
                        15.432542,
                        47.065491
                    ],
                    [
                        15.432542,
                        47.06584
                    ]
                ]
            }
        }
    ],
    "metadata": {
        "attribution": "openrouteservice.org | OpenStreetMap contributors",
        "service": "routing",
        "timestamp": 1782999043501,
        "query": {
            "coordinates": [
                [
                    16.348388,
                    48.198674
                ],
                [
                    15.432739,
                    47.065852
                ]
            ],
            "profile": "driving-car",
            "profileName": "driving-car",
            "format": "json"
        },
        "engine": {
            "version": "9.9.0",
            "build_date": "2026-06-12T10:08:58Z",
            "graph_date": "2026-06-26T18:49:09Z",
            "osm_date": "2026-06-15T00:00:02Z"
        }
    }
}